transaction_id,date,amount,signed_amount,type,account_id,merchant,category,transaction_flag
TXN0001,16-03-2024,59796,59796,CREDIT,ACC802,Apple,Travel,High Value
TXN0002,03-03-2024,45145,45145,CREDIT,ACC301,Flipkart,Income,Normal
TXN0003,13-01-2024,23243,23243,CREDIT,ACC690,Apple,Income,Normal
TXN0004,30-03-2024,78721,-78721,DEBIT,ACC988,Uber,Electronics,High Value
TXN0005,20-02-2024,56763,56763,CREDIT,ACC594,Amazon,Travel,High Value
TXN0006,20-01-2024,72145,72145,CREDIT,ACC284,Nike,Shopping,High Value
TXN0007,04-01-2024,48886,-48886,DEBIT,ACC814,Amazon,Travel,Normal
TXN0008,20-02-2024,74883,-74883,DEBIT,ACC333,Walmart,Travel,High Value
TXN0009,19-01-2024,76783,-76783,DEBIT,ACC633,Walmart,Travel,High Value
TXN0010,25-02-2024,36085,-36085,DEBIT,ACC216,Bonus,Income,Normal
TXN0011,19-01-2024,96481,96481,CREDIT,ACC921,Bonus,Income,High Value
TXN0012,04-03-2024,54634,-54634,DEBIT,ACC179,Uber,Shopping,High Value
TXN0013,25-01-2024,48827,-48827,DEBIT,ACC767,Apple,Travel,Normal
TXN0014,28-01-2024,53573,53573,CREDIT,ACC364,Bonus,Income,High Value
TXN0015,24-01-2024,60733,60733,CREDIT,ACC921,Salary,Food,High Value
TXN0016,19-02-2024,33272,33272,CREDIT,ACC945,Uber,Income,Normal
TXN0017,18-01-2024,48862,-48862,DEBIT,ACC309,Swiggy,Shopping,Normal
TXN0018,13-02-2024,44871,44871,CREDIT,ACC564,Amazon,Income,Normal
TXN0019,18-01-2024,48749,-48749,DEBIT,ACC683,Zara,Income,Normal
TXN0020,09-02-2024,32882,32882,CREDIT,ACC700,Nike,Shopping,Normal
TXN0021,12-01-2024,1052,1052,CREDIT,ACC382,Bonus,Income,Normal
TXN0022,15-02-2024,55700,-55700,DEBIT,ACC632,Amazon,Shopping,High Value
TXN0023,07-03-2024,74772,74772,CREDIT,ACC587,Uber,Travel,High Value
TXN0024,02-02-2024,16705,-16705,DEBIT,ACC275,Walmart,Electronics,Normal
TXN0025,01-03-2024,77012,77012,CREDIT,ACC399,Nike,Food,High Value
TXN0026,30-03-2024,15698,-15698,DEBIT,ACC149,Salary,Income,Normal
TXN0027,25-02-2024,21321,21321,CREDIT,ACC649,Bonus,Income,Normal
TXN0028,08-03-2024,15006,15006,CREDIT,ACC345,Amazon,Food,Normal
TXN0029,13-02-2024,19994,19994,CREDIT,ACC332,Salary,Electronics,Normal
TXN0030,28-03-2024,68739,-68739,DEBIT,ACC600,Apple,Electronics,High Value
TXN0031,30-03-2024,18340,-18340,DEBIT,ACC188,Uber,Food,Normal
TXN0032,28-01-2024,7297,7297,CREDIT,ACC304,Flipkart,Income,Normal
TXN0033,25-01-2024,25039,-25039,DEBIT,ACC869,Zara,Shopping,Normal
TXN0034,01-01-2024,58363,-58363,DEBIT,ACC681,Bonus,Electronics,High Value
TXN0035,05-03-2024,5546,-5546,DEBIT,ACC981,Zara,Food,Normal
TXN0036,31-01-2024,7523,-7523,DEBIT,ACC684,Salary,Electronics,Normal
TXN0037,11-01-2024,74983,74983,CREDIT,ACC104,Walmart,Food,High Value
TXN0038,22-01-2024,31335,-31335,DEBIT,ACC356,Salary,Food,Normal
TXN0039,19-01-2024,91912,-91912,DEBIT,ACC767,Swiggy,Food,High Value
TXN0040,22-03-2024,87230,87230,CREDIT,ACC666,Walmart,Food,High Value
TXN0041,21-02-2024,73522,-73522,DEBIT,ACC831,Apple,Electronics,High Value
TXN0042,02-03-2024,71154,-71154,DEBIT,ACC857,Bonus,Travel,High Value
TXN0043,13-03-2024,37887,37887,CREDIT,ACC565,Salary,Travel,Normal
TXN0044,08-02-2024,78716,-78716,DEBIT,ACC177,Walmart,Food,High Value
TXN0045,27-03-2024,68809,-68809,DEBIT,ACC973,Zara,Income,High Value
TXN0046,01-01-2024,82071,-82071,DEBIT,ACC936,Nike,Travel,High Value
TXN0047,04-02-2024,7113,7113,CREDIT,ACC867,Amazon,Shopping,Normal
TXN0048,22-03-2024,36953,-36953,DEBIT,ACC469,Nike,Food,Normal
TXN0049,12-02-2024,41769,41769,CREDIT,ACC419,Salary,Income,Normal
TXN0050,12-01-2024,17004,-17004,DEBIT,ACC579,Amazon,Food,Normal
TXN0051,27-01-2024,51308,51308,CREDIT,ACC265,Apple,Food,High Value
TXN0052,11-01-2024,92542,-92542,DEBIT,ACC138,Flipkart,Shopping,High Value
TXN0053,29-02-2024,24510,24510,CREDIT,ACC712,Flipkart,Shopping,Normal
TXN0054,18-02-2024,56385,-56385,DEBIT,ACC533,Swiggy,Shopping,High Value
TXN0055,15-02-2024,77113,-77113,DEBIT,ACC526,Apple,Shopping,High Value
TXN0056,29-01-2024,70008,70008,CREDIT,ACC474,Flipkart,Food,High Value
TXN0057,22-01-2024,19011,-19011,DEBIT,ACC627,Zara,Electronics,Normal
TXN0058,10-02-2024,50423,50423,CREDIT,ACC169,Zara,Food,High Value
TXN0059,16-03-2024,54977,-54977,DEBIT,ACC129,Bonus,Travel,High Value
TXN0060,29-02-2024,68829,-68829,DEBIT,ACC324,Zara,Income,High Value
TXN0061,22-02-2024,91498,91498,CREDIT,ACC164,Flipkart,Shopping,High Value
TXN0062,21-03-2024,49248,49248,CREDIT,ACC952,Walmart,Shopping,Normal
TXN0063,01-02-2024,10665,10665,CREDIT,ACC491,Flipkart,Travel,Normal
TXN0064,09-01-2024,31129,31129,CREDIT,ACC317,Swiggy,Electronics,Normal
TXN0065,04-01-2024,42811,42811,CREDIT,ACC549,Bonus,Electronics,Normal
TXN0066,31-03-2024,6053,-6053,DEBIT,ACC902,Walmart,Shopping,Normal
TXN0067,07-03-2024,38029,-38029,DEBIT,ACC562,Amazon,Shopping,Normal
TXN0068,10-01-2024,36455,-36455,DEBIT,ACC758,Flipkart,Income,Normal
TXN0069,18-01-2024,67936,67936,CREDIT,ACC902,Bonus,Shopping,High Value
TXN0070,21-03-2024,87219,-87219,DEBIT,ACC308,Amazon,Travel,High Value
TXN0071,11-01-2024,39559,-39559,DEBIT,ACC144,Salary,Shopping,Normal
TXN0072,07-02-2024,96235,96235,CREDIT,ACC303,Nike,Electronics,High Value
TXN0073,10-03-2024,88235,-88235,DEBIT,ACC525,Apple,Travel,High Value
TXN0074,19-03-2024,97623,97623,CREDIT,ACC620,Walmart,Travel,High Value
TXN0075,23-02-2024,8190,-8190,DEBIT,ACC728,Salary,Electronics,Normal
TXN0076,21-03-2024,27144,-27144,DEBIT,ACC394,Uber,Food,Normal
TXN0077,15-02-2024,36772,-36772,DEBIT,ACC295,Nike,Electronics,Normal
TXN0078,21-01-2024,49615,49615,CREDIT,ACC538,Uber,Shopping,Normal
TXN0079,09-02-2024,98801,98801,CREDIT,ACC896,Amazon,Income,High Value
TXN0080,05-01-2024,1779,-1779,DEBIT,ACC904,Zara,Shopping,Normal
TXN0081,02-03-2024,67724,67724,CREDIT,ACC510,Nike,Shopping,High Value
TXN0082,11-01-2024,92876,-92876,DEBIT,ACC531,Salary,Income,High Value
TXN0083,11-02-2024,34504,-34504,DEBIT,ACC310,Bonus,Food,Normal
TXN0084,09-03-2024,21633,21633,CREDIT,ACC140,Walmart,Income,Normal
TXN0085,08-03-2024,59779,59779,CREDIT,ACC706,Amazon,Shopping,High Value
TXN0086,06-01-2024,45126,45126,CREDIT,ACC788,Flipkart,Income,Normal
TXN0087,04-02-2024,72887,72887,CREDIT,ACC245,Apple,Food,High Value
TXN0088,23-03-2024,77086,77086,CREDIT,ACC805,Amazon,Food,High Value
TXN0089,04-03-2024,72615,-72615,DEBIT,ACC825,Bonus,Income,High Value
TXN0090,17-03-2024,91891,-91891,DEBIT,ACC268,Zara,Shopping,High Value
TXN0091,24-03-2024,19478,19478,CREDIT,ACC267,Zara,Travel,Normal
TXN0092,19-02-2024,70984,70984,CREDIT,ACC877,Walmart,Shopping,High Value
TXN0093,12-01-2024,10724,10724,CREDIT,ACC284,Walmart,Electronics,Normal
TXN0094,15-03-2024,65680,-65680,DEBIT,ACC196,Swiggy,Food,High Value
TXN0095,26-02-2024,85408,85408,CREDIT,ACC998,Uber,Travel,High Value
TXN0096,17-03-2024,13362,13362,CREDIT,ACC611,Zara,Food,Normal
TXN0097,01-02-2024,13231,13231,CREDIT,ACC973,Flipkart,Shopping,Normal
TXN0098,12-01-2024,47922,-47922,DEBIT,ACC954,Walmart,Electronics,Normal
TXN0099,07-02-2024,46132,-46132,DEBIT,ACC420,Flipkart,Electronics,Normal
TXN0100,14-01-2024,36749,36749,CREDIT,ACC403,Swiggy,Travel,Normal
TXN0101,11-02-2024,42130,-42130,DEBIT,ACC306,Amazon,Electronics,Normal
TXN0102,10-03-2024,15814,-15814,DEBIT,ACC126,Nike,Income,Normal
TXN0103,19-01-2024,290,290,CREDIT,ACC177,Apple,Electronics,Normal
TXN0104,15-02-2024,71558,71558,CREDIT,ACC802,Flipkart,Income,High Value
TXN0105,30-01-2024,47922,47922,CREDIT,ACC826,Uber,Income,Normal
TXN0106,01-03-2024,59630,-59630,DEBIT,ACC763,Bonus,Income,High Value
TXN0107,05-03-2024,33890,33890,CREDIT,ACC992,Swiggy,Food,Normal
TXN0108,02-02-2024,53461,53461,CREDIT,ACC792,Salary,Shopping,High Value
TXN0109,27-01-2024,79510,79510,CREDIT,ACC963,Flipkart,Travel,High Value
TXN0110,23-03-2024,49976,-49976,DEBIT,ACC484,Nike,Income,Normal
TXN0111,02-01-2024,21073,21073,CREDIT,ACC891,Nike,Electronics,Normal
TXN0112,13-03-2024,94128,94128,CREDIT,ACC923,Uber,Electronics,High Value
TXN0113,06-01-2024,48323,-48323,DEBIT,ACC144,Salary,Shopping,Normal
TXN0114,16-02-2024,11400,-11400,DEBIT,ACC119,Swiggy,Electronics,Normal
TXN0115,05-02-2024,21262,21262,CREDIT,ACC813,Swiggy,Travel,Normal
TXN0116,23-03-2024,51134,-51134,DEBIT,ACC894,Apple,Income,High Value
TXN0117,05-02-2024,62233,-62233,DEBIT,ACC760,Walmart,Travel,High Value
TXN0118,25-02-2024,60579,-60579,DEBIT,ACC847,Amazon,Income,High Value
TXN0119,22-01-2024,84760,84760,CREDIT,ACC647,Walmart,Shopping,High Value
TXN0120,22-01-2024,83598,83598,CREDIT,ACC443,Walmart,Shopping,High Value
TXN0121,17-01-2024,12499,12499,CREDIT,ACC796,Nike,Travel,Normal
TXN0122,24-01-2024,57985,57985,CREDIT,ACC237,Flipkart,Food,High Value
TXN0123,01-01-2024,74437,74437,CREDIT,ACC959,Swiggy,Shopping,High Value
TXN0124,12-01-2024,24106,24106,CREDIT,ACC333,Zara,Shopping,Normal
TXN0125,24-03-2024,8907,8907,CREDIT,ACC545,Swiggy,Travel,Normal
TXN0126,10-01-2024,10044,10044,CREDIT,ACC933,Nike,Food,Normal
TXN0127,27-01-2024,13948,-13948,DEBIT,ACC871,Amazon,Shopping,Normal
TXN0128,10-03-2024,205,-205,DEBIT,ACC572,Uber,Income,Normal
TXN0129,12-01-2024,55751,55751,CREDIT,ACC454,Apple,Electronics,High Value
TXN0130,31-01-2024,45533,-45533,DEBIT,ACC841,Zara,Electronics,Normal
TXN0131,19-01-2024,4602,-4602,DEBIT,ACC553,Apple,Electronics,Normal
TXN0132,25-03-2024,23951,23951,CREDIT,ACC161,Salary,Food,Normal
TXN0133,20-03-2024,70952,-70952,DEBIT,ACC461,Bonus,Shopping,High Value
TXN0134,13-01-2024,538,538,CREDIT,ACC561,Salary,Income,Normal
TXN0135,09-03-2024,55591,55591,CREDIT,ACC793,Flipkart,Electronics,High Value
TXN0136,08-03-2024,73541,-73541,DEBIT,ACC633,Walmart,Food,High Value
TXN0137,11-02-2024,64979,-64979,DEBIT,ACC566,Bonus,Travel,High Value
TXN0138,18-02-2024,48410,48410,CREDIT,ACC126,Swiggy,Food,Normal
TXN0139,12-03-2024,77143,77143,CREDIT,ACC734,Flipkart,Shopping,High Value
TXN0140,13-03-2024,38326,-38326,DEBIT,ACC888,Swiggy,Travel,Normal
TXN0141,19-02-2024,43299,-43299,DEBIT,ACC364,Bonus,Food,Normal
TXN0142,13-01-2024,89046,89046,CREDIT,ACC912,Walmart,Travel,High Value
TXN0143,08-02-2024,3210,3210,CREDIT,ACC402,Swiggy,Food,Normal
TXN0144,18-02-2024,56378,56378,CREDIT,ACC561,Nike,Income,High Value
TXN0145,18-01-2024,5356,-5356,DEBIT,ACC520,Salary,Travel,Normal
TXN0146,31-03-2024,37226,-37226,DEBIT,ACC348,Nike,Shopping,Normal
TXN0147,03-01-2024,60738,-60738,DEBIT,ACC577,Amazon,Travel,High Value
TXN0148,26-02-2024,9775,9775,CREDIT,ACC107,Salary,Travel,Normal
TXN0149,20-02-2024,78092,78092,CREDIT,ACC144,Walmart,Shopping,High Value
TXN0150,04-03-2024,24891,-24891,DEBIT,ACC333,Apple,Electronics,Normal
TXN0151,28-01-2024,90615,90615,CREDIT,ACC185,Bonus,Travel,High Value
TXN0152,03-03-2024,46894,46894,CREDIT,ACC753,Bonus,Shopping,Normal
TXN0153,18-01-2024,76747,76747,CREDIT,ACC527,Uber,Food,High Value
TXN0154,28-01-2024,10099,-10099,DEBIT,ACC824,Nike,Food,Normal
TXN0155,29-03-2024,47446,-47446,DEBIT,ACC288,Salary,Food,Normal
TXN0156,27-02-2024,80821,-80821,DEBIT,ACC292,Amazon,Shopping,High Value
TXN0157,09-03-2024,98555,98555,CREDIT,ACC905,Salary,Shopping,High Value
TXN0158,16-03-2024,91167,91167,CREDIT,ACC184,Swiggy,Electronics,High Value
TXN0159,17-01-2024,46773,-46773,DEBIT,ACC798,Swiggy,Shopping,Normal
TXN0160,21-03-2024,35143,35143,CREDIT,ACC281,Zara,Electronics,Normal
TXN0161,30-03-2024,83216,-83216,DEBIT,ACC862,Swiggy,Income,High Value
TXN0162,11-02-2024,6699,6699,CREDIT,ACC241,Amazon,Travel,Normal
TXN0163,19-02-2024,88379,-88379,DEBIT,ACC502,Amazon,Shopping,High Value
TXN0164,08-03-2024,27331,27331,CREDIT,ACC211,Swiggy,Shopping,Normal
TXN0165,21-03-2024,18445,-18445,DEBIT,ACC803,Salary,Travel,Normal
TXN0166,06-02-2024,10485,10485,CREDIT,ACC394,Amazon,Travel,Normal
TXN0167,12-01-2024,84405,-84405,DEBIT,ACC698,Salary,Electronics,High Value
TXN0168,30-01-2024,36201,36201,CREDIT,ACC882,Uber,Food,Normal
TXN0169,29-01-2024,24147,-24147,DEBIT,ACC111,Amazon,Income,Normal
TXN0170,01-02-2024,39525,-39525,DEBIT,ACC874,Flipkart,Income,Normal
TXN0171,01-02-2024,48951,-48951,DEBIT,ACC648,Flipkart,Food,Normal
TXN0172,09-01-2024,97484,-97484,DEBIT,ACC381,Amazon,Shopping,High Value
TXN0173,08-02-2024,22682,22682,CREDIT,ACC996,Uber,Income,Normal
TXN0174,04-02-2024,17307,17307,CREDIT,ACC707,Salary,Food,Normal
TXN0175,12-01-2024,81636,-81636,DEBIT,ACC402,Swiggy,Electronics,High Value
TXN0176,30-01-2024,78157,78157,CREDIT,ACC500,Amazon,Shopping,High Value
TXN0177,11-02-2024,64878,-64878,DEBIT,ACC288,Uber,Shopping,High Value
TXN0178,24-01-2024,68210,68210,CREDIT,ACC289,Bonus,Food,High Value
TXN0179,13-03-2024,65371,-65371,DEBIT,ACC516,Salary,Food,High Value
TXN0180,11-03-2024,21896,-21896,DEBIT,ACC965,Nike,Electronics,Normal
TXN0181,25-02-2024,58431,-58431,DEBIT,ACC770,Salary,Income,High Value
TXN0182,20-01-2024,75278,75278,CREDIT,ACC760,Apple,Income,High Value
TXN0183,27-02-2024,95538,95538,CREDIT,ACC633,Uber,Travel,High Value
TXN0184,08-02-2024,69437,69437,CREDIT,ACC835,Apple,Travel,High Value
TXN0185,21-01-2024,18792,18792,CREDIT,ACC243,Uber,Electronics,Normal
TXN0186,29-01-2024,80241,80241,CREDIT,ACC328,Bonus,Income,High Value
TXN0187,01-01-2024,17689,-17689,DEBIT,ACC269,Apple,Travel,Normal
TXN0188,09-02-2024,40135,-40135,DEBIT,ACC268,Zara,Food,Normal
TXN0189,29-03-2024,8741,8741,CREDIT,ACC904,Salary,Shopping,Normal
TXN0190,02-02-2024,7804,7804,CREDIT,ACC927,Uber,Income,Normal
TXN0191,07-03-2024,41027,-41027,DEBIT,ACC801,Nike,Travel,Normal
TXN0192,13-03-2024,68947,68947,CREDIT,ACC672,Amazon,Travel,High Value
TXN0193,01-03-2024,3676,3676,CREDIT,ACC502,Nike,Income,Normal
TXN0194,20-01-2024,4427,4427,CREDIT,ACC578,Salary,Electronics,Normal
TXN0195,13-02-2024,59879,-59879,DEBIT,ACC613,Bonus,Electronics,High Value
TXN0196,05-01-2024,74339,74339,CREDIT,ACC637,Walmart,Shopping,High Value
TXN0197,28-03-2024,70463,-70463,DEBIT,ACC344,Zara,Food,High Value
TXN0198,16-02-2024,58078,58078,CREDIT,ACC268,Flipkart,Electronics,High Value
TXN0199,20-01-2024,81485,-81485,DEBIT,ACC889,Uber,Electronics,High Value
TXN0200,25-01-2024,19907,-19907,DEBIT,ACC731,Apple,Income,Normal
TXN0201,18-03-2024,79044,79044,CREDIT,ACC470,Salary,Food,High Value
TXN0202,11-02-2024,24220,24220,CREDIT,ACC462,Nike,Income,Normal
TXN0203,13-02-2024,58473,58473,CREDIT,ACC994,Zara,Travel,High Value
TXN0204,26-02-2024,43889,-43889,DEBIT,ACC168,Salary,Shopping,Normal
TXN0205,10-03-2024,70925,-70925,DEBIT,ACC525,Swiggy,Electronics,High Value
TXN0206,16-03-2024,95868,95868,CREDIT,ACC598,Apple,Travel,High Value
TXN0207,20-01-2024,58785,-58785,DEBIT,ACC133,Flipkart,Food,High Value
TXN0208,18-01-2024,31368,-31368,DEBIT,ACC898,Swiggy,Food,Normal
TXN0209,16-01-2024,36923,36923,CREDIT,ACC257,Walmart,Electronics,Normal
TXN0210,04-03-2024,56212,56212,CREDIT,ACC168,Zara,Shopping,High Value
TXN0211,02-02-2024,15385,-15385,DEBIT,ACC530,Flipkart,Food,Normal
TXN0212,20-03-2024,37522,-37522,DEBIT,ACC838,Uber,Food,Normal
TXN0213,22-02-2024,23099,-23099,DEBIT,ACC532,Salary,Income,Normal
TXN0214,22-01-2024,66699,-66699,DEBIT,ACC492,Uber,Travel,High Value
TXN0215,05-03-2024,14688,-14688,DEBIT,ACC734,Zara,Travel,Normal
TXN0216,18-01-2024,30326,30326,CREDIT,ACC556,Flipkart,Travel,Normal
TXN0217,16-02-2024,24199,-24199,DEBIT,ACC183,Swiggy,Income,Normal
TXN0218,30-03-2024,62805,62805,CREDIT,ACC541,Swiggy,Travel,High Value
TXN0219,08-02-2024,39860,-39860,DEBIT,ACC990,Zara,Electronics,Normal
TXN0220,29-03-2024,31317,31317,CREDIT,ACC927,Salary,Electronics,Normal
TXN0221,30-01-2024,20131,-20131,DEBIT,ACC292,Walmart,Electronics,Normal
TXN0222,28-03-2024,76032,76032,CREDIT,ACC550,Apple,Income,High Value
TXN0223,29-03-2024,13300,-13300,DEBIT,ACC835,Salary,Travel,Normal
TXN0224,17-01-2024,94983,-94983,DEBIT,ACC657,Swiggy,Shopping,High Value
TXN0225,17-02-2024,924,924,CREDIT,ACC147,Salary,Income,Normal
TXN0226,23-02-2024,66467,-66467,DEBIT,ACC301,Swiggy,Travel,High Value
TXN0227,04-03-2024,59502,-59502,DEBIT,ACC890,Flipkart,Income,High Value
TXN0228,26-03-2024,81388,-81388,DEBIT,ACC458,Walmart,Shopping,High Value
TXN0229,03-03-2024,3119,3119,CREDIT,ACC732,Bonus,Travel,Normal
TXN0230,08-02-2024,10425,10425,CREDIT,ACC702,Walmart,Income,Normal
TXN0231,16-01-2024,14083,14083,CREDIT,ACC285,Nike,Food,Normal
TXN0232,23-01-2024,40020,40020,CREDIT,ACC494,Salary,Income,Normal
TXN0233,25-02-2024,39381,-39381,DEBIT,ACC100,Flipkart,Electronics,Normal
TXN0234,28-02-2024,43900,-43900,DEBIT,ACC925,Walmart,Income,Normal
TXN0235,12-01-2024,36526,36526,CREDIT,ACC743,Salary,Food,Normal
TXN0236,27-01-2024,22490,-22490,DEBIT,ACC829,Swiggy,Travel,Normal
TXN0237,24-01-2024,8986,8986,CREDIT,ACC151,Walmart,Electronics,Normal
TXN0238,22-01-2024,94232,-94232,DEBIT,ACC322,Walmart,Electronics,High Value
TXN0239,04-01-2024,51531,51531,CREDIT,ACC189,Apple,Income,High Value
TXN0240,25-03-2024,72352,72352,CREDIT,ACC801,Bonus,Food,High Value
TXN0241,03-01-2024,32933,32933,CREDIT,ACC618,Salary,Travel,Normal
TXN0242,06-01-2024,95130,95130,CREDIT,ACC751,Zara,Electronics,High Value
TXN0243,14-02-2024,87384,-87384,DEBIT,ACC542,Walmart,Travel,High Value
TXN0244,01-01-2024,77188,-77188,DEBIT,ACC455,Bonus,Travel,High Value
TXN0245,18-03-2024,67263,-67263,DEBIT,ACC992,Bonus,Electronics,High Value
TXN0246,18-03-2024,32466,-32466,DEBIT,ACC207,Swiggy,Travel,Normal
TXN0247,23-01-2024,61151,61151,CREDIT,ACC933,Salary,Electronics,High Value
TXN0248,13-01-2024,56401,-56401,DEBIT,ACC694,Zara,Travel,High Value
TXN0249,11-02-2024,23623,23623,CREDIT,ACC771,Walmart,Income,Normal
TXN0250,17-01-2024,17772,17772,CREDIT,ACC136,Salary,Income,Normal
TXN0251,14-02-2024,97215,97215,CREDIT,ACC382,Amazon,Shopping,High Value
TXN0252,02-03-2024,61226,61226,CREDIT,ACC742,Swiggy,Income,High Value
TXN0253,07-03-2024,38553,38553,CREDIT,ACC813,Amazon,Shopping,Normal
TXN0254,12-01-2024,44162,44162,CREDIT,ACC993,Bonus,Electronics,Normal
TXN0255,11-03-2024,92355,92355,CREDIT,ACC650,Flipkart,Shopping,High Value
TXN0256,30-03-2024,42885,42885,CREDIT,ACC564,Flipkart,Income,Normal
TXN0257,30-01-2024,93459,93459,CREDIT,ACC663,Salary,Travel,High Value
TXN0258,14-03-2024,47567,47567,CREDIT,ACC943,Walmart,Travel,Normal
TXN0259,08-03-2024,94140,-94140,DEBIT,ACC945,Nike,Food,High Value
TXN0260,04-02-2024,36387,36387,CREDIT,ACC260,Zara,Shopping,Normal
TXN0261,05-01-2024,34085,-34085,DEBIT,ACC476,Zara,Electronics,Normal
TXN0262,06-02-2024,85322,-85322,DEBIT,ACC665,Nike,Shopping,High Value
TXN0263,18-02-2024,95577,-95577,DEBIT,ACC863,Flipkart,Income,High Value
TXN0264,25-03-2024,92101,-92101,DEBIT,ACC787,Flipkart,Travel,High Value
TXN0265,14-03-2024,21209,21209,CREDIT,ACC883,Nike,Shopping,Normal
TXN0266,17-02-2024,66431,66431,CREDIT,ACC591,Walmart,Shopping,High Value
TXN0267,13-02-2024,25721,25721,CREDIT,ACC576,Flipkart,Income,Normal
TXN0268,01-02-2024,66608,66608,CREDIT,ACC636,Swiggy,Electronics,High Value
TXN0269,04-02-2024,39050,39050,CREDIT,ACC549,Zara,Electronics,Normal
TXN0270,19-03-2024,77997,77997,CREDIT,ACC848,Walmart,Travel,High Value
TXN0271,16-01-2024,61160,-61160,DEBIT,ACC634,Apple,Travel,High Value
TXN0272,24-02-2024,18359,18359,CREDIT,ACC972,Zara,Travel,Normal
TXN0273,12-01-2024,44811,-44811,DEBIT,ACC507,Apple,Shopping,Normal
TXN0274,14-01-2024,11182,-11182,DEBIT,ACC835,Uber,Travel,Normal
TXN0275,08-02-2024,33601,33601,CREDIT,ACC981,Swiggy,Electronics,Normal
TXN0276,08-02-2024,81699,-81699,DEBIT,ACC219,Walmart,Travel,High Value
TXN0277,02-03-2024,57064,57064,CREDIT,ACC487,Apple,Food,High Value
TXN0278,14-01-2024,96496,-96496,DEBIT,ACC692,Salary,Income,High Value
TXN0279,14-03-2024,96370,-96370,DEBIT,ACC290,Swiggy,Food,High Value
TXN0280,20-02-2024,49037,49037,CREDIT,ACC248,Flipkart,Electronics,Normal
TXN0281,15-02-2024,86872,86872,CREDIT,ACC801,Uber,Shopping,High Value
TXN0282,30-03-2024,60879,-60879,DEBIT,ACC133,Swiggy,Food,High Value
TXN0283,02-02-2024,82598,-82598,DEBIT,ACC759,Salary,Food,High Value
TXN0284,15-03-2024,25644,-25644,DEBIT,ACC168,Flipkart,Income,Normal
TXN0285,04-03-2024,53658,-53658,DEBIT,ACC895,Salary,Travel,High Value
TXN0286,28-01-2024,47460,-47460,DEBIT,ACC629,Nike,Electronics,Normal
TXN0287,18-03-2024,21288,21288,CREDIT,ACC591,Salary,Food,Normal
TXN0288,22-03-2024,53782,-53782,DEBIT,ACC984,Flipkart,Shopping,High Value
TXN0289,21-03-2024,74497,74497,CREDIT,ACC266,Nike,Electronics,High Value
TXN0290,03-02-2024,69179,69179,CREDIT,ACC379,Walmart,Income,High Value
TXN0291,28-02-2024,92665,-92665,DEBIT,ACC697,Apple,Income,High Value
TXN0292,23-01-2024,62554,-62554,DEBIT,ACC794,Zara,Shopping,High Value
TXN0293,04-01-2024,51751,-51751,DEBIT,ACC475,Zara,Food,High Value
TXN0294,01-03-2024,62790,-62790,DEBIT,ACC628,Uber,Shopping,High Value
TXN0295,25-01-2024,90046,-90046,DEBIT,ACC924,Walmart,Travel,High Value
TXN0296,19-03-2024,66551,66551,CREDIT,ACC747,Amazon,Food,High Value
TXN0297,04-02-2024,4173,4173,CREDIT,ACC306,Amazon,Electronics,Normal
TXN0298,16-02-2024,65644,-65644,DEBIT,ACC194,Walmart,Food,High Value
TXN0299,19-02-2024,86838,86838,CREDIT,ACC709,Zara,Food,High Value
TXN0300,01-03-2024,10540,-10540,DEBIT,ACC209,Flipkart,Food,Normal
TXN0301,01-01-2024,98374,-98374,DEBIT,ACC343,Bonus,Income,High Value
TXN0302,14-02-2024,43805,43805,CREDIT,ACC732,Apple,Income,Normal
TXN0303,04-02-2024,74296,74296,CREDIT,ACC425,Bonus,Electronics,High Value
TXN0304,26-01-2024,37831,37831,CREDIT,ACC630,Flipkart,Shopping,Normal
TXN0305,18-01-2024,89212,89212,CREDIT,ACC171,Flipkart,Electronics,High Value
TXN0306,14-01-2024,91551,-91551,DEBIT,ACC978,Flipkart,Income,High Value
TXN0307,06-03-2024,64032,-64032,DEBIT,ACC292,Zara,Income,High Value
TXN0308,29-01-2024,39237,39237,CREDIT,ACC257,Flipkart,Travel,Normal
TXN0309,10-01-2024,76758,-76758,DEBIT,ACC777,Zara,Shopping,High Value
TXN0310,01-02-2024,49574,49574,CREDIT,ACC896,Bonus,Income,Normal
TXN0311,12-03-2024,64548,64548,CREDIT,ACC293,Flipkart,Shopping,High Value
TXN0312,02-02-2024,95577,95577,CREDIT,ACC542,Amazon,Electronics,High Value
TXN0313,11-03-2024,62418,62418,CREDIT,ACC261,Flipkart,Food,High Value
TXN0314,19-02-2024,27467,-27467,DEBIT,ACC773,Zara,Food,Normal
TXN0315,25-02-2024,88107,88107,CREDIT,ACC253,Nike,Shopping,High Value
TXN0316,14-03-2024,64993,-64993,DEBIT,ACC225,Amazon,Shopping,High Value
TXN0317,18-01-2024,40255,-40255,DEBIT,ACC356,Nike,Electronics,Normal
TXN0318,15-03-2024,49084,-49084,DEBIT,ACC399,Swiggy,Electronics,Normal
TXN0319,03-02-2024,83597,83597,CREDIT,ACC116,Uber,Electronics,High Value
TXN0320,24-01-2024,25112,-25112,DEBIT,ACC982,Walmart,Electronics,Normal
TXN0321,01-03-2024,36301,36301,CREDIT,ACC800,Bonus,Shopping,Normal
TXN0322,07-03-2024,38001,38001,CREDIT,ACC771,Zara,Income,Normal
TXN0323,28-03-2024,5711,-5711,DEBIT,ACC527,Flipkart,Income,Normal
TXN0324,18-02-2024,76135,76135,CREDIT,ACC351,Apple,Food,High Value
TXN0325,04-02-2024,97151,-97151,DEBIT,ACC175,Zara,Income,High Value
TXN0326,28-03-2024,23239,-23239,DEBIT,ACC949,Nike,Electronics,Normal
TXN0327,05-01-2024,4837,-4837,DEBIT,ACC582,Uber,Travel,Normal
TXN0328,27-03-2024,20229,-20229,DEBIT,ACC540,Nike,Food,Normal
TXN0329,05-03-2024,16013,16013,CREDIT,ACC644,Amazon,Travel,Normal
TXN0330,06-01-2024,45997,45997,CREDIT,ACC284,Walmart,Shopping,Normal
TXN0331,14-03-2024,88816,88816,CREDIT,ACC103,Apple,Food,High Value
TXN0332,12-02-2024,54055,-54055,DEBIT,ACC593,Uber,Income,High Value
TXN0333,27-02-2024,87602,87602,CREDIT,ACC629,Bonus,Income,High Value
TXN0334,24-02-2024,39758,-39758,DEBIT,ACC701,Zara,Shopping,Normal
TXN0335,15-03-2024,16782,-16782,DEBIT,ACC532,Salary,Electronics,Normal
TXN0336,10-03-2024,21320,21320,CREDIT,ACC605,Salary,Food,Normal
TXN0337,22-02-2024,13250,13250,CREDIT,ACC816,Swiggy,Food,Normal
TXN0338,17-03-2024,18832,18832,CREDIT,ACC462,Flipkart,Travel,Normal
TXN0339,25-01-2024,7488,-7488,DEBIT,ACC404,Uber,Food,Normal
TXN0340,02-03-2024,78989,78989,CREDIT,ACC705,Flipkart,Travel,High Value
TXN0341,06-02-2024,59351,-59351,DEBIT,ACC583,Nike,Income,High Value
TXN0342,24-01-2024,3109,-3109,DEBIT,ACC807,Salary,Income,Normal
TXN0343,13-02-2024,48209,48209,CREDIT,ACC692,Swiggy,Shopping,Normal
TXN0344,10-03-2024,35019,-35019,DEBIT,ACC909,Apple,Shopping,Normal
TXN0345,17-01-2024,15609,15609,CREDIT,ACC822,Uber,Food,Normal
TXN0346,08-02-2024,6758,6758,CREDIT,ACC110,Uber,Electronics,Normal
TXN0347,09-03-2024,87538,-87538,DEBIT,ACC257,Uber,Food,High Value
TXN0348,05-02-2024,18970,18970,CREDIT,ACC903,Apple,Shopping,Normal
TXN0349,04-01-2024,17500,17500,CREDIT,ACC578,Zara,Food,Normal
TXN0350,19-02-2024,391,391,CREDIT,ACC260,Salary,Travel,Normal
TXN0351,25-02-2024,82772,-82772,DEBIT,ACC695,Walmart,Shopping,High Value
TXN0352,27-01-2024,29217,29217,CREDIT,ACC237,Nike,Shopping,Normal
TXN0353,15-03-2024,7213,7213,CREDIT,ACC964,Salary,Travel,Normal
TXN0354,22-03-2024,78470,-78470,DEBIT,ACC217,Uber,Income,High Value
TXN0355,25-01-2024,77307,-77307,DEBIT,ACC153,Nike,Travel,High Value
TXN0356,18-01-2024,41668,41668,CREDIT,ACC465,Walmart,Shopping,Normal
TXN0357,02-03-2024,48472,48472,CREDIT,ACC771,Salary,Travel,Normal
TXN0358,11-03-2024,86801,86801,CREDIT,ACC246,Amazon,Food,High Value
TXN0359,13-01-2024,4707,-4707,DEBIT,ACC571,Walmart,Income,Normal
TXN0360,12-03-2024,46878,-46878,DEBIT,ACC999,Apple,Food,Normal
TXN0361,29-01-2024,43875,-43875,DEBIT,ACC521,Zara,Electronics,Normal
TXN0362,27-01-2024,11970,-11970,DEBIT,ACC486,Uber,Travel,Normal
TXN0363,27-02-2024,55068,55068,CREDIT,ACC187,Nike,Travel,High Value
TXN0364,21-01-2024,82749,82749,CREDIT,ACC689,Salary,Food,High Value
TXN0365,17-01-2024,99501,99501,CREDIT,ACC872,Uber,Travel,High Value
TXN0366,26-01-2024,662,-662,DEBIT,ACC195,Bonus,Travel,Normal
TXN0367,26-03-2024,38783,-38783,DEBIT,ACC940,Apple,Food,Normal
TXN0368,31-03-2024,65036,-65036,DEBIT,ACC152,Apple,Travel,High Value
TXN0369,23-03-2024,66083,66083,CREDIT,ACC555,Flipkart,Shopping,High Value
TXN0370,13-03-2024,10826,-10826,DEBIT,ACC207,Amazon,Income,Normal
TXN0371,05-01-2024,69515,69515,CREDIT,ACC631,Amazon,Food,High Value
TXN0372,03-02-2024,32503,32503,CREDIT,ACC731,Swiggy,Income,Normal
TXN0373,11-03-2024,95998,95998,CREDIT,ACC437,Bonus,Travel,High Value
TXN0374,11-03-2024,7314,7314,CREDIT,ACC411,Swiggy,Travel,Normal
TXN0375,17-03-2024,29374,-29374,DEBIT,ACC199,Salary,Food,Normal
TXN0376,12-03-2024,9429,-9429,DEBIT,ACC200,Walmart,Food,Normal
TXN0377,15-02-2024,94341,94341,CREDIT,ACC776,Amazon,Travel,High Value
TXN0378,14-03-2024,54249,54249,CREDIT,ACC847,Salary,Food,High Value
TXN0379,04-02-2024,33047,-33047,DEBIT,ACC449,Nike,Travel,Normal
TXN0380,25-02-2024,2451,-2451,DEBIT,ACC688,Bonus,Travel,Normal
TXN0381,04-01-2024,48442,48442,CREDIT,ACC938,Flipkart,Travel,Normal
TXN0382,17-02-2024,6340,6340,CREDIT,ACC724,Salary,Shopping,Normal
TXN0383,11-01-2024,92049,92049,CREDIT,ACC152,Flipkart,Food,High Value
TXN0384,12-02-2024,63815,63815,CREDIT,ACC108,Salary,Shopping,High Value
TXN0385,30-01-2024,75985,75985,CREDIT,ACC301,Uber,Electronics,High Value
TXN0386,24-03-2024,81181,81181,CREDIT,ACC145,Swiggy,Electronics,High Value
TXN0387,18-02-2024,90910,-90910,DEBIT,ACC447,Amazon,Income,High Value
TXN0388,12-01-2024,75137,-75137,DEBIT,ACC460,Apple,Travel,High Value
TXN0389,07-02-2024,83970,-83970,DEBIT,ACC279,Swiggy,Travel,High Value
TXN0390,13-01-2024,33995,33995,CREDIT,ACC284,Uber,Income,Normal
TXN0391,27-01-2024,57913,-57913,DEBIT,ACC268,Nike,Travel,High Value
TXN0392,27-02-2024,78494,-78494,DEBIT,ACC151,Salary,Food,High Value
TXN0393,27-01-2024,31730,31730,CREDIT,ACC851,Walmart,Income,Normal
TXN0394,22-02-2024,30812,-30812,DEBIT,ACC354,Nike,Income,Normal
TXN0395,16-01-2024,63743,63743,CREDIT,ACC628,Walmart,Electronics,High Value
TXN0396,18-03-2024,62328,62328,CREDIT,ACC600,Amazon,Shopping,High Value
TXN0397,13-01-2024,52465,52465,CREDIT,ACC152,Nike,Food,High Value
TXN0398,09-02-2024,9648,-9648,DEBIT,ACC772,Salary,Income,Normal
TXN0399,15-02-2024,79881,79881,CREDIT,ACC847,Swiggy,Income,High Value
TXN0400,20-02-2024,72393,-72393,DEBIT,ACC469,Nike,Shopping,High Value
TXN0401,05-03-2024,94819,94819,CREDIT,ACC298,Amazon,Food,High Value
TXN0402,03-03-2024,90714,90714,CREDIT,ACC152,Zara,Food,High Value
TXN0403,21-01-2024,72080,72080,CREDIT,ACC251,Bonus,Food,High Value
TXN0404,08-02-2024,47826,-47826,DEBIT,ACC773,Uber,Income,Normal
TXN0405,26-01-2024,5554,-5554,DEBIT,ACC508,Salary,Shopping,Normal
TXN0406,15-02-2024,28915,-28915,DEBIT,ACC219,Salary,Income,Normal
TXN0407,20-01-2024,33975,-33975,DEBIT,ACC100,Nike,Electronics,Normal
TXN0408,27-03-2024,20803,-20803,DEBIT,ACC809,Swiggy,Travel,Normal
TXN0409,05-02-2024,58269,58269,CREDIT,ACC241,Apple,Income,High Value
TXN0410,01-02-2024,77750,77750,CREDIT,ACC218,Apple,Food,High Value
TXN0411,26-03-2024,16219,16219,CREDIT,ACC723,Uber,Electronics,Normal
TXN0412,06-01-2024,50162,50162,CREDIT,ACC275,Salary,Travel,High Value
TXN0413,27-03-2024,95191,95191,CREDIT,ACC151,Amazon,Income,High Value
TXN0414,23-03-2024,15211,15211,CREDIT,ACC710,Flipkart,Electronics,Normal
TXN0415,19-02-2024,67553,-67553,DEBIT,ACC760,Zara,Food,High Value
TXN0416,03-01-2024,82446,-82446,DEBIT,ACC467,Salary,Income,High Value
TXN0417,21-02-2024,73678,73678,CREDIT,ACC927,Apple,Electronics,High Value
TXN0418,06-01-2024,3005,3005,CREDIT,ACC830,Bonus,Shopping,Normal
TXN0419,05-01-2024,28521,-28521,DEBIT,ACC759,Swiggy,Income,Normal
TXN0420,24-03-2024,33863,-33863,DEBIT,ACC952,Bonus,Travel,Normal
TXN0421,04-01-2024,84373,-84373,DEBIT,ACC428,Uber,Shopping,High Value
TXN0422,05-03-2024,89134,89134,CREDIT,ACC294,Zara,Food,High Value
TXN0423,20-03-2024,24928,24928,CREDIT,ACC148,Salary,Shopping,Normal
TXN0424,15-01-2024,84100,84100,CREDIT,ACC991,Bonus,Income,High Value
TXN0425,08-02-2024,5582,5582,CREDIT,ACC839,Amazon,Electronics,Normal
TXN0426,17-03-2024,52307,52307,CREDIT,ACC129,Uber,Shopping,High Value
TXN0427,14-01-2024,48217,48217,CREDIT,ACC214,Uber,Income,Normal
TXN0428,25-03-2024,3435,-3435,DEBIT,ACC393,Flipkart,Food,Normal
TXN0429,12-01-2024,50652,50652,CREDIT,ACC567,Amazon,Income,High Value
TXN0430,06-01-2024,32328,32328,CREDIT,ACC488,Amazon,Income,Normal
TXN0431,02-01-2024,73327,73327,CREDIT,ACC810,Salary,Electronics,High Value
TXN0432,09-03-2024,46723,46723,CREDIT,ACC996,Flipkart,Travel,Normal
TXN0433,22-02-2024,57591,57591,CREDIT,ACC171,Apple,Travel,High Value
TXN0434,26-02-2024,92974,92974,CREDIT,ACC546,Swiggy,Shopping,High Value
TXN0435,03-02-2024,2549,-2549,DEBIT,ACC586,Bonus,Shopping,Normal
TXN0436,26-01-2024,57534,57534,CREDIT,ACC928,Swiggy,Electronics,High Value
TXN0437,08-03-2024,53307,-53307,DEBIT,ACC951,Flipkart,Income,High Value
TXN0438,23-03-2024,5731,-5731,DEBIT,ACC684,Apple,Income,Normal
TXN0439,12-01-2024,73704,73704,CREDIT,ACC773,Amazon,Shopping,High Value
TXN0440,31-03-2024,38552,-38552,DEBIT,ACC323,Walmart,Income,Normal
TXN0441,05-01-2024,79837,-79837,DEBIT,ACC226,Apple,Electronics,High Value
TXN0442,05-03-2024,92919,92919,CREDIT,ACC502,Zara,Travel,High Value
TXN0443,10-03-2024,97531,97531,CREDIT,ACC173,Walmart,Electronics,High Value
TXN0444,17-01-2024,56630,56630,CREDIT,ACC420,Salary,Travel,High Value
TXN0445,30-01-2024,27012,-27012,DEBIT,ACC544,Nike,Travel,Normal
TXN0446,02-03-2024,3724,-3724,DEBIT,ACC996,Apple,Travel,Normal
TXN0447,08-02-2024,31099,-31099,DEBIT,ACC665,Walmart,Shopping,Normal
TXN0448,16-02-2024,55880,55880,CREDIT,ACC925,Uber,Travel,High Value
TXN0449,20-02-2024,35056,35056,CREDIT,ACC633,Amazon,Electronics,Normal
TXN0450,22-02-2024,43940,-43940,DEBIT,ACC136,Swiggy,Income,Normal
TXN0451,30-01-2024,12835,12835,CREDIT,ACC501,Flipkart,Income,Normal
TXN0452,28-02-2024,5605,5605,CREDIT,ACC656,Swiggy,Electronics,Normal
TXN0453,07-03-2024,40516,40516,CREDIT,ACC884,Swiggy,Electronics,Normal
TXN0454,04-02-2024,53155,53155,CREDIT,ACC207,Zara,Travel,High Value
TXN0455,19-01-2024,58098,58098,CREDIT,ACC779,Swiggy,Shopping,High Value
TXN0456,20-01-2024,55400,-55400,DEBIT,ACC894,Walmart,Food,High Value
TXN0457,30-03-2024,53220,-53220,DEBIT,ACC750,Swiggy,Shopping,High Value
TXN0458,18-03-2024,61456,-61456,DEBIT,ACC539,Flipkart,Travel,High Value
TXN0459,04-01-2024,25286,25286,CREDIT,ACC337,Flipkart,Income,Normal
TXN0460,01-02-2024,38395,-38395,DEBIT,ACC371,Flipkart,Electronics,Normal
TXN0461,27-02-2024,34680,34680,CREDIT,ACC508,Uber,Travel,Normal
TXN0462,12-03-2024,50324,50324,CREDIT,ACC276,Swiggy,Travel,High Value
TXN0463,23-03-2024,22112,22112,CREDIT,ACC488,Bonus,Food,Normal
TXN0464,06-03-2024,16364,-16364,DEBIT,ACC972,Zara,Electronics,Normal
TXN0465,07-02-2024,85534,-85534,DEBIT,ACC957,Apple,Electronics,High Value
TXN0466,29-02-2024,31991,-31991,DEBIT,ACC835,Uber,Electronics,Normal
TXN0467,02-01-2024,41672,41672,CREDIT,ACC300,Walmart,Food,Normal
TXN0468,14-02-2024,18767,-18767,DEBIT,ACC759,Walmart,Electronics,Normal
TXN0469,16-01-2024,50130,-50130,DEBIT,ACC727,Swiggy,Travel,High Value
TXN0470,01-03-2024,4689,-4689,DEBIT,ACC772,Salary,Food,Normal
TXN0471,09-03-2024,28247,28247,CREDIT,ACC151,Swiggy,Shopping,Normal
TXN0472,18-03-2024,69020,69020,CREDIT,ACC317,Swiggy,Food,High Value
TXN0473,13-03-2024,12979,-12979,DEBIT,ACC389,Bonus,Shopping,Normal
TXN0474,16-02-2024,40506,40506,CREDIT,ACC919,Amazon,Shopping,Normal
TXN0475,06-03-2024,77798,77798,CREDIT,ACC687,Apple,Electronics,High Value
TXN0476,14-01-2024,53761,-53761,DEBIT,ACC405,Uber,Electronics,High Value
TXN0477,24-03-2024,80312,80312,CREDIT,ACC789,Flipkart,Travel,High Value
TXN0478,01-03-2024,37995,37995,CREDIT,ACC653,Zara,Travel,Normal
TXN0479,15-01-2024,33275,33275,CREDIT,ACC624,Bonus,Income,Normal
TXN0480,19-01-2024,44471,-44471,DEBIT,ACC794,Nike,Income,Normal
TXN0481,29-02-2024,48899,-48899,DEBIT,ACC966,Uber,Electronics,Normal
TXN0482,09-01-2024,18462,18462,CREDIT,ACC766,Flipkart,Travel,Normal
TXN0483,09-03-2024,36105,-36105,DEBIT,ACC522,Uber,Electronics,Normal
TXN0484,10-01-2024,2769,2769,CREDIT,ACC693,Zara,Electronics,Normal
TXN0485,03-01-2024,47675,-47675,DEBIT,ACC381,Salary,Income,Normal
TXN0486,09-03-2024,88253,-88253,DEBIT,ACC600,Apple,Electronics,High Value
TXN0487,09-01-2024,54590,-54590,DEBIT,ACC883,Amazon,Electronics,High Value
TXN0488,28-01-2024,17222,17222,CREDIT,ACC104,Uber,Income,Normal
TXN0489,29-01-2024,93444,-93444,DEBIT,ACC623,Flipkart,Shopping,High Value
TXN0490,10-03-2024,74773,74773,CREDIT,ACC112,Amazon,Food,High Value
TXN0491,18-01-2024,34206,34206,CREDIT,ACC346,Amazon,Electronics,Normal
TXN0492,31-01-2024,96467,-96467,DEBIT,ACC596,Uber,Food,High Value
TXN0493,17-03-2024,30053,-30053,DEBIT,ACC662,Flipkart,Electronics,Normal
TXN0494,02-02-2024,65579,-65579,DEBIT,ACC656,Apple,Income,High Value
TXN0495,15-03-2024,31524,31524,CREDIT,ACC177,Nike,Travel,Normal
TXN0496,23-03-2024,7205,7205,CREDIT,ACC493,Walmart,Food,Normal
TXN0497,29-02-2024,82557,82557,CREDIT,ACC410,Bonus,Shopping,High Value
TXN0498,19-02-2024,31650,31650,CREDIT,ACC686,Salary,Income,Normal
TXN0499,26-03-2024,58924,58924,CREDIT,ACC260,Uber,Income,High Value
TXN0500,05-01-2024,58330,-58330,DEBIT,ACC916,Swiggy,Shopping,High Value
TXN0501,16-02-2024,92964,92964,CREDIT,ACC132,Walmart,Shopping,High Value
TXN0502,24-03-2024,7052,7052,CREDIT,ACC448,Swiggy,Food,Normal
TXN0503,22-01-2024,32822,32822,CREDIT,ACC182,Swiggy,Shopping,Normal
TXN0504,26-01-2024,66081,-66081,DEBIT,ACC636,Uber,Travel,High Value
TXN0505,19-01-2024,45643,-45643,DEBIT,ACC747,Nike,Travel,Normal
TXN0506,12-01-2024,57152,57152,CREDIT,ACC252,Salary,Shopping,High Value
TXN0507,14-01-2024,31454,31454,CREDIT,ACC976,Nike,Electronics,Normal
TXN0508,13-01-2024,4879,4879,CREDIT,ACC521,Uber,Shopping,Normal
TXN0509,13-03-2024,8461,8461,CREDIT,ACC603,Salary,Shopping,Normal
TXN0510,02-02-2024,34532,34532,CREDIT,ACC721,Walmart,Electronics,Normal
TXN0511,07-03-2024,60537,-60537,DEBIT,ACC189,Bonus,Shopping,High Value
TXN0512,31-01-2024,25426,-25426,DEBIT,ACC462,Zara,Travel,Normal
TXN0513,18-03-2024,39906,-39906,DEBIT,ACC680,Swiggy,Income,Normal
TXN0514,26-01-2024,86241,-86241,DEBIT,ACC176,Zara,Shopping,High Value
TXN0515,03-03-2024,77953,-77953,DEBIT,ACC752,Amazon,Income,High Value
TXN0516,19-03-2024,74693,-74693,DEBIT,ACC758,Flipkart,Electronics,High Value
TXN0517,21-01-2024,38878,-38878,DEBIT,ACC531,Uber,Income,Normal
TXN0518,04-02-2024,37313,-37313,DEBIT,ACC495,Bonus,Shopping,Normal
TXN0519,22-03-2024,40339,-40339,DEBIT,ACC598,Salary,Shopping,Normal
TXN0520,27-03-2024,30019,30019,CREDIT,ACC992,Nike,Electronics,Normal
TXN0521,27-01-2024,61704,61704,CREDIT,ACC521,Uber,Travel,High Value
TXN0522,01-01-2024,58042,58042,CREDIT,ACC191,Flipkart,Food,High Value
TXN0523,09-03-2024,76606,76606,CREDIT,ACC388,Zara,Electronics,High Value
TXN0524,16-02-2024,91227,91227,CREDIT,ACC128,Flipkart,Shopping,High Value
TXN0525,29-03-2024,14401,14401,CREDIT,ACC973,Salary,Income,Normal
TXN0526,24-01-2024,31776,31776,CREDIT,ACC587,Uber,Food,Normal
TXN0527,10-02-2024,23818,-23818,DEBIT,ACC540,Zara,Food,Normal
TXN0528,21-01-2024,58973,-58973,DEBIT,ACC482,Bonus,Food,High Value
TXN0529,24-02-2024,9308,-9308,DEBIT,ACC165,Amazon,Income,Normal
TXN0530,17-03-2024,50887,-50887,DEBIT,ACC717,Swiggy,Electronics,High Value
TXN0531,26-01-2024,60001,-60001,DEBIT,ACC236,Bonus,Travel,High Value
TXN0532,08-02-2024,11730,-11730,DEBIT,ACC785,Bonus,Shopping,Normal
TXN0533,25-01-2024,78873,-78873,DEBIT,ACC721,Apple,Food,High Value
TXN0534,03-01-2024,33031,33031,CREDIT,ACC888,Apple,Electronics,Normal
TXN0535,22-02-2024,74881,74881,CREDIT,ACC497,Nike,Electronics,High Value
TXN0536,31-03-2024,3107,3107,CREDIT,ACC911,Swiggy,Food,Normal
TXN0537,08-02-2024,72777,72777,CREDIT,ACC921,Swiggy,Income,High Value
TXN0538,20-03-2024,98488,-98488,DEBIT,ACC864,Bonus,Food,High Value
TXN0539,27-02-2024,98593,98593,CREDIT,ACC486,Salary,Shopping,High Value
TXN0540,31-03-2024,74816,74816,CREDIT,ACC177,Walmart,Travel,High Value
TXN0541,27-02-2024,59540,-59540,DEBIT,ACC414,Salary,Income,High Value
TXN0542,20-03-2024,91375,-91375,DEBIT,ACC646,Swiggy,Income,High Value
TXN0543,18-03-2024,16167,16167,CREDIT,ACC760,Amazon,Electronics,Normal
TXN0544,07-02-2024,71761,-71761,DEBIT,ACC148,Apple,Electronics,High Value
TXN0545,14-02-2024,67621,67621,CREDIT,ACC513,Apple,Income,High Value
TXN0546,05-01-2024,88337,-88337,DEBIT,ACC793,Swiggy,Income,High Value
TXN0547,06-02-2024,94687,-94687,DEBIT,ACC273,Zara,Electronics,High Value
TXN0548,20-02-2024,38513,38513,CREDIT,ACC674,Uber,Shopping,Normal
TXN0549,31-03-2024,92928,-92928,DEBIT,ACC234,Zara,Electronics,High Value
TXN0550,18-01-2024,97566,97566,CREDIT,ACC770,Flipkart,Shopping,High Value
TXN0551,13-03-2024,30407,-30407,DEBIT,ACC468,Zara,Travel,Normal
TXN0552,14-03-2024,43215,-43215,DEBIT,ACC383,Amazon,Shopping,Normal
TXN0553,14-02-2024,41865,41865,CREDIT,ACC491,Flipkart,Travel,Normal
TXN0554,15-01-2024,52369,52369,CREDIT,ACC920,Zara,Food,High Value
TXN0555,11-02-2024,55092,55092,CREDIT,ACC138,Walmart,Electronics,High Value
TXN0556,03-03-2024,75679,-75679,DEBIT,ACC896,Bonus,Electronics,High Value
TXN0557,14-02-2024,12520,-12520,DEBIT,ACC674,Walmart,Income,Normal
TXN0558,01-02-2024,20380,20380,CREDIT,ACC476,Flipkart,Food,Normal
TXN0559,11-02-2024,60218,-60218,DEBIT,ACC829,Bonus,Food,High Value
TXN0560,06-01-2024,71677,71677,CREDIT,ACC938,Amazon,Shopping,High Value
TXN0561,14-02-2024,2465,2465,CREDIT,ACC255,Amazon,Shopping,Normal
TXN0562,20-02-2024,90846,-90846,DEBIT,ACC239,Nike,Electronics,High Value
TXN0563,13-02-2024,75667,-75667,DEBIT,ACC518,Walmart,Electronics,High Value
TXN0564,08-02-2024,8508,-8508,DEBIT,ACC322,Uber,Income,Normal
TXN0565,15-03-2024,51907,51907,CREDIT,ACC930,Salary,Income,High Value
TXN0566,08-02-2024,31607,-31607,DEBIT,ACC110,Apple,Electronics,Normal
TXN0567,28-01-2024,7017,-7017,DEBIT,ACC566,Apple,Food,Normal
TXN0568,15-01-2024,98829,98829,CREDIT,ACC939,Uber,Food,High Value
TXN0569,09-02-2024,63484,63484,CREDIT,ACC132,Uber,Travel,High Value
TXN0570,08-02-2024,13620,13620,CREDIT,ACC593,Uber,Food,Normal
TXN0571,21-03-2024,21065,-21065,DEBIT,ACC589,Flipkart,Electronics,Normal
TXN0572,26-01-2024,55041,55041,CREDIT,ACC143,Zara,Travel,High Value
TXN0573,06-01-2024,53147,-53147,DEBIT,ACC305,Amazon,Electronics,High Value
TXN0574,24-01-2024,14622,-14622,DEBIT,ACC175,Swiggy,Travel,Normal
TXN0575,08-02-2024,96680,-96680,DEBIT,ACC902,Swiggy,Food,High Value
TXN0576,17-01-2024,91725,-91725,DEBIT,ACC424,Nike,Income,High Value
TXN0577,03-02-2024,51177,51177,CREDIT,ACC859,Swiggy,Income,High Value
TXN0578,19-01-2024,28174,-28174,DEBIT,ACC697,Apple,Travel,Normal
TXN0579,18-02-2024,54680,-54680,DEBIT,ACC305,Uber,Food,High Value
TXN0580,01-02-2024,95347,95347,CREDIT,ACC843,Swiggy,Income,High Value
TXN0581,28-02-2024,1269,-1269,DEBIT,ACC400,Salary,Shopping,Normal
TXN0582,03-01-2024,37664,37664,CREDIT,ACC334,Apple,Food,Normal
TXN0583,10-02-2024,25561,25561,CREDIT,ACC135,Amazon,Food,Normal
TXN0584,12-01-2024,16407,16407,CREDIT,ACC388,Walmart,Travel,Normal
TXN0585,13-03-2024,85316,85316,CREDIT,ACC561,Walmart,Food,High Value
TXN0586,21-02-2024,93372,93372,CREDIT,ACC338,Zara,Travel,High Value
TXN0587,01-03-2024,58563,-58563,DEBIT,ACC897,Zara,Travel,High Value
TXN0588,04-01-2024,53124,-53124,DEBIT,ACC683,Uber,Travel,High Value
TXN0589,07-03-2024,79844,-79844,DEBIT,ACC554,Flipkart,Income,High Value
TXN0590,04-02-2024,79911,-79911,DEBIT,ACC211,Walmart,Income,High Value
TXN0591,18-02-2024,47469,-47469,DEBIT,ACC970,Flipkart,Travel,Normal
TXN0592,22-02-2024,36444,-36444,DEBIT,ACC316,Swiggy,Travel,Normal
TXN0593,05-03-2024,25749,-25749,DEBIT,ACC364,Flipkart,Travel,Normal
TXN0594,17-02-2024,44677,-44677,DEBIT,ACC162,Apple,Food,Normal
TXN0595,13-01-2024,21496,-21496,DEBIT,ACC314,Nike,Electronics,Normal
TXN0596,22-03-2024,36969,-36969,DEBIT,ACC232,Amazon,Income,Normal
TXN0597,15-02-2024,10910,-10910,DEBIT,ACC348,Flipkart,Food,Normal
TXN0598,05-02-2024,25858,25858,CREDIT,ACC282,Salary,Income,Normal
TXN0599,19-02-2024,78002,78002,CREDIT,ACC784,Walmart,Income,High Value
TXN0600,11-03-2024,61071,-61071,DEBIT,ACC518,Flipkart,Travel,High Value
TXN0601,19-03-2024,86358,86358,CREDIT,ACC899,Flipkart,Shopping,High Value
TXN0602,01-02-2024,70569,70569,CREDIT,ACC574,Apple,Income,High Value
TXN0603,08-03-2024,66046,66046,CREDIT,ACC797,Swiggy,Electronics,High Value
TXN0604,17-03-2024,53938,-53938,DEBIT,ACC767,Uber,Electronics,High Value
TXN0605,09-02-2024,71957,-71957,DEBIT,ACC514,Uber,Income,High Value
TXN0606,15-01-2024,20539,-20539,DEBIT,ACC706,Amazon,Income,Normal
TXN0607,23-03-2024,7529,7529,CREDIT,ACC544,Uber,Food,Normal
TXN0608,28-02-2024,25732,-25732,DEBIT,ACC737,Walmart,Travel,Normal
TXN0609,29-02-2024,49131,49131,CREDIT,ACC803,Walmart,Food,Normal
TXN0610,07-01-2024,98489,98489,CREDIT,ACC939,Flipkart,Electronics,High Value
TXN0611,13-03-2024,9996,9996,CREDIT,ACC525,Flipkart,Electronics,Normal
TXN0612,14-02-2024,3394,-3394,DEBIT,ACC322,Apple,Shopping,Normal
TXN0613,21-02-2024,14957,14957,CREDIT,ACC816,Uber,Electronics,Normal
TXN0614,10-03-2024,86420,86420,CREDIT,ACC785,Salary,Income,High Value
TXN0615,06-02-2024,5123,-5123,DEBIT,ACC492,Bonus,Travel,Normal
TXN0616,13-03-2024,69000,69000,CREDIT,ACC548,Salary,Shopping,High Value
TXN0617,08-02-2024,20509,20509,CREDIT,ACC645,Walmart,Travel,Normal
TXN0618,08-02-2024,45909,-45909,DEBIT,ACC331,Uber,Travel,Normal
TXN0619,20-03-2024,95429,-95429,DEBIT,ACC120,Salary,Food,High Value
TXN0620,09-01-2024,69228,69228,CREDIT,ACC675,Swiggy,Income,High Value
TXN0621,03-02-2024,6648,-6648,DEBIT,ACC496,Salary,Shopping,Normal
TXN0622,12-01-2024,84061,84061,CREDIT,ACC746,Flipkart,Food,High Value
TXN0623,25-01-2024,36383,-36383,DEBIT,ACC308,Swiggy,Electronics,Normal
TXN0624,16-02-2024,5866,5866,CREDIT,ACC145,Nike,Food,Normal
TXN0625,24-02-2024,17226,17226,CREDIT,ACC348,Amazon,Income,Normal
TXN0626,19-01-2024,22481,-22481,DEBIT,ACC183,Swiggy,Income,Normal
TXN0627,02-03-2024,55306,55306,CREDIT,ACC297,Zara,Electronics,High Value
TXN0628,26-02-2024,76470,-76470,DEBIT,ACC336,Salary,Shopping,High Value
TXN0629,03-03-2024,16243,-16243,DEBIT,ACC994,Uber,Shopping,Normal
TXN0630,10-01-2024,68812,68812,CREDIT,ACC349,Zara,Electronics,High Value
TXN0631,27-03-2024,9919,-9919,DEBIT,ACC758,Apple,Shopping,Normal
TXN0632,20-02-2024,3958,3958,CREDIT,ACC737,Apple,Food,Normal
TXN0633,20-03-2024,12302,-12302,DEBIT,ACC935,Salary,Food,Normal
TXN0634,20-01-2024,95650,95650,CREDIT,ACC379,Nike,Food,High Value
TXN0635,03-03-2024,31867,-31867,DEBIT,ACC890,Nike,Travel,Normal
TXN0636,23-01-2024,71910,71910,CREDIT,ACC380,Flipkart,Food,High Value
TXN0637,09-03-2024,41202,-41202,DEBIT,ACC229,Uber,Travel,Normal
TXN0638,22-03-2024,70089,-70089,DEBIT,ACC548,Amazon,Income,High Value
TXN0639,10-02-2024,3470,3470,CREDIT,ACC236,Nike,Travel,Normal
TXN0640,08-02-2024,84522,84522,CREDIT,ACC756,Apple,Electronics,High Value
TXN0641,20-01-2024,35636,-35636,DEBIT,ACC433,Amazon,Electronics,Normal
TXN0642,02-02-2024,48691,-48691,DEBIT,ACC645,Amazon,Electronics,Normal
TXN0643,28-01-2024,24127,24127,CREDIT,ACC922,Flipkart,Travel,Normal
TXN0644,14-02-2024,71357,-71357,DEBIT,ACC535,Uber,Electronics,High Value
TXN0645,13-01-2024,49931,49931,CREDIT,ACC480,Nike,Shopping,Normal
TXN0646,23-02-2024,28176,-28176,DEBIT,ACC935,Apple,Electronics,Normal
TXN0647,24-01-2024,66163,-66163,DEBIT,ACC606,Salary,Electronics,High Value
TXN0648,30-01-2024,34232,-34232,DEBIT,ACC483,Nike,Travel,Normal
TXN0649,01-02-2024,20821,-20821,DEBIT,ACC610,Flipkart,Income,Normal
TXN0650,29-01-2024,19828,-19828,DEBIT,ACC521,Amazon,Travel,Normal
TXN0651,04-03-2024,44388,-44388,DEBIT,ACC976,Apple,Income,Normal
TXN0652,07-01-2024,93878,93878,CREDIT,ACC139,Swiggy,Shopping,High Value
TXN0653,15-02-2024,89953,89953,CREDIT,ACC609,Nike,Food,High Value
TXN0654,28-03-2024,96543,96543,CREDIT,ACC825,Apple,Shopping,High Value
TXN0655,18-01-2024,68732,68732,CREDIT,ACC537,Apple,Income,High Value
TXN0656,01-01-2024,81117,81117,CREDIT,ACC874,Flipkart,Shopping,High Value
TXN0657,06-03-2024,71945,71945,CREDIT,ACC611,Salary,Shopping,High Value
TXN0658,01-03-2024,82402,82402,CREDIT,ACC491,Bonus,Electronics,High Value
TXN0659,16-01-2024,20977,-20977,DEBIT,ACC717,Flipkart,Income,Normal
TXN0660,06-02-2024,22720,-22720,DEBIT,ACC565,Flipkart,Income,Normal
TXN0661,17-01-2024,73330,73330,CREDIT,ACC250,Bonus,Travel,High Value
TXN0662,09-01-2024,89835,89835,CREDIT,ACC523,Zara,Shopping,High Value
TXN0663,16-03-2024,48356,48356,CREDIT,ACC991,Swiggy,Electronics,Normal
TXN0664,21-01-2024,41954,-41954,DEBIT,ACC648,Zara,Shopping,Normal
TXN0665,02-02-2024,1777,-1777,DEBIT,ACC836,Swiggy,Travel,Normal
TXN0666,08-03-2024,92544,92544,CREDIT,ACC128,Apple,Income,High Value
TXN0667,09-03-2024,97637,-97637,DEBIT,ACC996,Flipkart,Electronics,High Value
TXN0668,31-01-2024,24035,24035,CREDIT,ACC870,Salary,Shopping,Normal
TXN0669,02-03-2024,39088,39088,CREDIT,ACC995,Apple,Electronics,Normal
TXN0670,28-01-2024,86933,-86933,DEBIT,ACC512,Salary,Income,High Value
TXN0671,12-02-2024,8075,8075,CREDIT,ACC705,Uber,Food,Normal
TXN0672,27-01-2024,45074,45074,CREDIT,ACC747,Zara,Income,Normal
TXN0673,19-01-2024,1121,1121,CREDIT,ACC866,Flipkart,Travel,Normal
TXN0674,11-01-2024,46202,46202,CREDIT,ACC565,Bonus,Travel,Normal
TXN0675,26-02-2024,97360,97360,CREDIT,ACC820,Flipkart,Shopping,High Value
TXN0676,15-03-2024,68204,68204,CREDIT,ACC158,Walmart,Electronics,High Value
TXN0677,20-03-2024,76545,-76545,DEBIT,ACC226,Zara,Shopping,High Value
TXN0678,20-03-2024,5524,-5524,DEBIT,ACC994,Uber,Income,Normal
TXN0679,18-03-2024,19924,-19924,DEBIT,ACC263,Walmart,Travel,Normal
TXN0680,07-01-2024,93350,-93350,DEBIT,ACC456,Bonus,Electronics,High Value
TXN0681,30-03-2024,2529,-2529,DEBIT,ACC433,Salary,Travel,Normal
TXN0682,30-01-2024,13620,13620,CREDIT,ACC376,Flipkart,Electronics,Normal
TXN0683,20-03-2024,13739,-13739,DEBIT,ACC993,Flipkart,Income,Normal
TXN0684,24-03-2024,95685,-95685,DEBIT,ACC709,Amazon,Food,High Value
TXN0685,01-01-2024,75287,-75287,DEBIT,ACC400,Swiggy,Food,High Value
TXN0686,03-01-2024,49047,49047,CREDIT,ACC923,Nike,Food,Normal
TXN0687,17-02-2024,42701,-42701,DEBIT,ACC653,Bonus,Food,Normal
TXN0688,21-02-2024,28638,28638,CREDIT,ACC447,Uber,Shopping,Normal
TXN0689,07-01-2024,2505,2505,CREDIT,ACC303,Nike,Travel,Normal
TXN0690,17-01-2024,3973,-3973,DEBIT,ACC825,Flipkart,Shopping,Normal
TXN0691,21-01-2024,10858,-10858,DEBIT,ACC175,Swiggy,Shopping,Normal
TXN0692,24-02-2024,66611,-66611,DEBIT,ACC189,Bonus,Shopping,High Value
TXN0693,22-01-2024,5146,-5146,DEBIT,ACC162,Salary,Income,Normal
TXN0694,01-01-2024,84026,84026,CREDIT,ACC529,Bonus,Shopping,High Value
TXN0695,31-01-2024,10619,10619,CREDIT,ACC984,Zara,Income,Normal
TXN0696,07-02-2024,49787,-49787,DEBIT,ACC797,Flipkart,Income,Normal
TXN0697,21-02-2024,56553,-56553,DEBIT,ACC863,Bonus,Food,High Value
TXN0698,31-01-2024,32179,32179,CREDIT,ACC134,Walmart,Food,Normal
TXN0699,30-03-2024,60470,-60470,DEBIT,ACC310,Nike,Travel,High Value
TXN0700,12-02-2024,31505,31505,CREDIT,ACC443,Walmart,Travel,Normal
TXN0701,24-03-2024,43852,-43852,DEBIT,ACC852,Salary,Travel,Normal
TXN0702,21-01-2024,34414,-34414,DEBIT,ACC369,Bonus,Travel,Normal
TXN0703,21-01-2024,46888,-46888,DEBIT,ACC115,Apple,Travel,Normal
TXN0704,22-03-2024,23774,23774,CREDIT,ACC832,Zara,Food,Normal
TXN0705,07-02-2024,82968,-82968,DEBIT,ACC401,Amazon,Electronics,High Value
TXN0706,26-01-2024,4674,-4674,DEBIT,ACC543,Bonus,Income,Normal
TXN0707,12-03-2024,53311,-53311,DEBIT,ACC590,Apple,Electronics,High Value
TXN0708,19-03-2024,27545,27545,CREDIT,ACC900,Apple,Travel,Normal
TXN0709,23-03-2024,39473,-39473,DEBIT,ACC695,Walmart,Income,Normal
TXN0710,16-03-2024,89050,89050,CREDIT,ACC292,Swiggy,Shopping,High Value
TXN0711,01-03-2024,6648,-6648,DEBIT,ACC366,Zara,Electronics,Normal
TXN0712,22-02-2024,42902,42902,CREDIT,ACC582,Zara,Electronics,Normal
TXN0713,17-03-2024,91579,-91579,DEBIT,ACC238,Bonus,Shopping,High Value
TXN0714,05-02-2024,63834,63834,CREDIT,ACC799,Swiggy,Food,High Value
TXN0715,03-01-2024,31747,31747,CREDIT,ACC154,Flipkart,Travel,Normal
TXN0716,16-03-2024,30563,-30563,DEBIT,ACC792,Amazon,Income,Normal
TXN0717,16-01-2024,50511,-50511,DEBIT,ACC884,Bonus,Food,High Value
TXN0718,25-02-2024,25369,25369,CREDIT,ACC467,Salary,Electronics,Normal
TXN0719,20-02-2024,66988,66988,CREDIT,ACC443,Apple,Food,High Value
TXN0720,10-02-2024,25682,-25682,DEBIT,ACC879,Swiggy,Income,Normal
TXN0721,11-01-2024,6731,6731,CREDIT,ACC857,Amazon,Income,Normal
TXN0722,14-01-2024,38530,-38530,DEBIT,ACC397,Bonus,Income,Normal
TXN0723,13-03-2024,28600,-28600,DEBIT,ACC570,Flipkart,Income,Normal
TXN0724,15-01-2024,67541,67541,CREDIT,ACC917,Walmart,Food,High Value
TXN0725,31-03-2024,3904,-3904,DEBIT,ACC865,Amazon,Travel,Normal
TXN0726,24-03-2024,53714,53714,CREDIT,ACC110,Walmart,Income,High Value
TXN0727,29-02-2024,23617,23617,CREDIT,ACC271,Amazon,Electronics,Normal
TXN0728,05-03-2024,97492,97492,CREDIT,ACC879,Salary,Travel,High Value
TXN0729,22-01-2024,88061,88061,CREDIT,ACC259,Walmart,Travel,High Value
TXN0730,21-01-2024,14174,14174,CREDIT,ACC423,Uber,Income,Normal
TXN0731,12-01-2024,66613,66613,CREDIT,ACC314,Amazon,Travel,High Value
TXN0732,24-03-2024,69151,-69151,DEBIT,ACC912,Flipkart,Income,High Value
TXN0733,16-02-2024,73299,-73299,DEBIT,ACC367,Nike,Shopping,High Value
TXN0734,20-02-2024,66461,66461,CREDIT,ACC405,Nike,Income,High Value
TXN0735,15-01-2024,69692,-69692,DEBIT,ACC625,Salary,Shopping,High Value
TXN0736,26-01-2024,54497,54497,CREDIT,ACC411,Swiggy,Food,High Value
TXN0737,01-01-2024,27581,27581,CREDIT,ACC460,Uber,Shopping,Normal
TXN0738,28-03-2024,52784,52784,CREDIT,ACC406,Nike,Food,High Value
TXN0739,22-02-2024,97503,-97503,DEBIT,ACC869,Nike,Food,High Value
TXN0740,05-03-2024,93930,-93930,DEBIT,ACC844,Flipkart,Electronics,High Value
TXN0741,28-01-2024,94027,94027,CREDIT,ACC358,Walmart,Travel,High Value
TXN0742,18-01-2024,75266,75266,CREDIT,ACC538,Swiggy,Electronics,High Value
TXN0743,11-03-2024,85781,-85781,DEBIT,ACC562,Zara,Electronics,High Value
TXN0744,28-01-2024,11544,11544,CREDIT,ACC854,Amazon,Food,Normal
TXN0745,31-01-2024,38497,-38497,DEBIT,ACC330,Zara,Income,Normal
TXN0746,24-02-2024,84256,84256,CREDIT,ACC802,Apple,Electronics,High Value
TXN0747,12-03-2024,83935,83935,CREDIT,ACC708,Walmart,Income,High Value
TXN0748,19-02-2024,99378,-99378,DEBIT,ACC328,Bonus,Income,High Value
TXN0749,01-02-2024,28257,28257,CREDIT,ACC914,Bonus,Food,Normal
TXN0750,12-03-2024,86032,86032,CREDIT,ACC923,Walmart,Food,High Value
TXN0751,01-03-2024,50575,50575,CREDIT,ACC443,Bonus,Travel,High Value
TXN0752,12-03-2024,58546,-58546,DEBIT,ACC501,Bonus,Shopping,High Value
TXN0753,21-02-2024,99966,99966,CREDIT,ACC216,Nike,Electronics,High Value
TXN0754,05-01-2024,61446,61446,CREDIT,ACC383,Walmart,Food,High Value
TXN0755,02-01-2024,1875,1875,CREDIT,ACC852,Amazon,Income,Normal
TXN0756,11-01-2024,9619,-9619,DEBIT,ACC865,Apple,Income,Normal
TXN0757,09-01-2024,24614,24614,CREDIT,ACC246,Uber,Income,Normal
TXN0758,17-03-2024,21780,21780,CREDIT,ACC229,Walmart,Shopping,Normal
TXN0759,17-03-2024,6706,6706,CREDIT,ACC515,Zara,Travel,Normal
TXN0760,23-02-2024,98518,-98518,DEBIT,ACC556,Swiggy,Shopping,High Value
TXN0761,12-01-2024,26877,-26877,DEBIT,ACC764,Nike,Shopping,Normal
TXN0762,19-03-2024,64106,-64106,DEBIT,ACC838,Salary,Food,High Value
TXN0763,29-03-2024,75044,-75044,DEBIT,ACC513,Zara,Shopping,High Value
TXN0764,14-03-2024,18314,18314,CREDIT,ACC656,Nike,Electronics,Normal
TXN0765,16-01-2024,42606,42606,CREDIT,ACC531,Salary,Travel,Normal
TXN0766,05-01-2024,24952,24952,CREDIT,ACC281,Bonus,Food,Normal
TXN0767,10-03-2024,79512,-79512,DEBIT,ACC680,Flipkart,Food,High Value
TXN0768,03-01-2024,69295,-69295,DEBIT,ACC256,Flipkart,Shopping,High Value
TXN0769,03-03-2024,17330,17330,CREDIT,ACC398,Walmart,Electronics,Normal
TXN0770,09-01-2024,74369,74369,CREDIT,ACC371,Flipkart,Income,High Value
TXN0771,08-03-2024,98518,-98518,DEBIT,ACC618,Bonus,Shopping,High Value
TXN0772,11-02-2024,8166,-8166,DEBIT,ACC368,Uber,Electronics,Normal
TXN0773,17-02-2024,17097,17097,CREDIT,ACC519,Salary,Electronics,Normal
TXN0774,07-03-2024,275,-275,DEBIT,ACC261,Amazon,Shopping,Normal
TXN0775,27-03-2024,71573,-71573,DEBIT,ACC319,Flipkart,Travel,High Value
TXN0776,19-02-2024,56155,56155,CREDIT,ACC573,Swiggy,Travel,High Value
TXN0777,08-01-2024,23282,23282,CREDIT,ACC573,Zara,Food,Normal
TXN0778,20-02-2024,29828,-29828,DEBIT,ACC415,Flipkart,Income,Normal
TXN0779,20-03-2024,44341,-44341,DEBIT,ACC434,Bonus,Income,Normal
TXN0780,04-02-2024,78780,78780,CREDIT,ACC827,Zara,Food,High Value
TXN0781,08-01-2024,74910,-74910,DEBIT,ACC350,Nike,Income,High Value
TXN0782,03-03-2024,5259,-5259,DEBIT,ACC846,Amazon,Travel,Normal
TXN0783,27-02-2024,29094,29094,CREDIT,ACC856,Flipkart,Shopping,Normal
TXN0784,07-03-2024,88496,-88496,DEBIT,ACC288,Bonus,Food,High Value
TXN0785,13-01-2024,91822,-91822,DEBIT,ACC140,Nike,Income,High Value
TXN0786,15-03-2024,61008,-61008,DEBIT,ACC825,Uber,Shopping,High Value
TXN0787,09-02-2024,40924,40924,CREDIT,ACC624,Flipkart,Income,Normal
TXN0788,30-03-2024,30935,30935,CREDIT,ACC853,Nike,Shopping,Normal
TXN0789,03-01-2024,37259,-37259,DEBIT,ACC678,Swiggy,Shopping,Normal
TXN0790,19-01-2024,59827,-59827,DEBIT,ACC812,Bonus,Electronics,High Value
TXN0791,24-01-2024,54888,54888,CREDIT,ACC660,Nike,Income,High Value
TXN0792,07-02-2024,24286,24286,CREDIT,ACC166,Zara,Food,Normal
TXN0793,21-03-2024,61908,61908,CREDIT,ACC857,Flipkart,Travel,High Value
TXN0794,30-03-2024,95970,95970,CREDIT,ACC851,Salary,Electronics,High Value
TXN0795,28-01-2024,94366,94366,CREDIT,ACC774,Apple,Income,High Value
TXN0796,26-03-2024,54070,54070,CREDIT,ACC418,Amazon,Shopping,High Value
TXN0797,28-01-2024,54635,54635,CREDIT,ACC542,Swiggy,Electronics,High Value
TXN0798,07-01-2024,81799,-81799,DEBIT,ACC762,Amazon,Shopping,High Value
TXN0799,28-01-2024,90672,90672,CREDIT,ACC300,Bonus,Electronics,High Value
TXN0800,02-03-2024,84772,-84772,DEBIT,ACC870,Apple,Food,High Value
TXN0801,06-03-2024,40033,40033,CREDIT,ACC431,Salary,Shopping,Normal
TXN0802,22-02-2024,79030,79030,CREDIT,ACC996,Bonus,Income,High Value
TXN0803,27-03-2024,88191,88191,CREDIT,ACC530,Apple,Travel,High Value
TXN0804,04-01-2024,89991,89991,CREDIT,ACC850,Amazon,Shopping,High Value
TXN0805,20-02-2024,3247,-3247,DEBIT,ACC667,Apple,Travel,Normal
TXN0806,25-03-2024,64173,-64173,DEBIT,ACC352,Apple,Travel,High Value
TXN0807,31-01-2024,5275,5275,CREDIT,ACC145,Apple,Income,Normal
TXN0808,20-02-2024,57720,57720,CREDIT,ACC336,Flipkart,Shopping,High Value
TXN0809,27-01-2024,54435,54435,CREDIT,ACC174,Apple,Travel,High Value
TXN0810,06-02-2024,86293,-86293,DEBIT,ACC858,Walmart,Income,High Value
TXN0811,22-01-2024,63376,63376,CREDIT,ACC865,Flipkart,Food,High Value
TXN0812,07-03-2024,21882,21882,CREDIT,ACC190,Amazon,Electronics,Normal
TXN0813,05-01-2024,6055,6055,CREDIT,ACC451,Apple,Income,Normal
TXN0814,29-02-2024,88447,-88447,DEBIT,ACC133,Swiggy,Income,High Value
TXN0815,01-01-2024,96382,96382,CREDIT,ACC633,Bonus,Shopping,High Value
TXN0816,01-02-2024,84386,-84386,DEBIT,ACC202,Zara,Shopping,High Value
TXN0817,17-02-2024,94492,-94492,DEBIT,ACC520,Uber,Food,High Value
TXN0818,06-02-2024,60032,60032,CREDIT,ACC953,Apple,Income,High Value
TXN0819,14-01-2024,86274,-86274,DEBIT,ACC151,Apple,Income,High Value
TXN0820,03-03-2024,33425,-33425,DEBIT,ACC813,Nike,Shopping,Normal
TXN0821,01-02-2024,12035,12035,CREDIT,ACC710,Amazon,Food,Normal
TXN0822,01-02-2024,88346,-88346,DEBIT,ACC788,Zara,Travel,High Value
TXN0823,01-02-2024,24286,24286,CREDIT,ACC979,Swiggy,Food,Normal
TXN0824,21-02-2024,76415,-76415,DEBIT,ACC668,Zara,Travel,High Value
TXN0825,29-03-2024,46462,-46462,DEBIT,ACC157,Salary,Income,Normal
TXN0826,27-03-2024,8170,-8170,DEBIT,ACC737,Flipkart,Travel,Normal
TXN0827,21-03-2024,73911,-73911,DEBIT,ACC803,Bonus,Electronics,High Value
TXN0828,10-01-2024,30350,30350,CREDIT,ACC267,Salary,Income,Normal
TXN0829,03-01-2024,65289,65289,CREDIT,ACC736,Uber,Electronics,High Value
TXN0830,27-01-2024,94246,94246,CREDIT,ACC768,Bonus,Electronics,High Value
TXN0831,24-01-2024,49361,-49361,DEBIT,ACC852,Uber,Income,Normal
TXN0832,28-02-2024,17823,-17823,DEBIT,ACC575,Apple,Food,Normal
TXN0833,27-01-2024,86641,-86641,DEBIT,ACC215,Nike,Shopping,High Value
TXN0834,01-03-2024,993,-993,DEBIT,ACC857,Amazon,Food,Normal
TXN0835,15-02-2024,6309,6309,CREDIT,ACC956,Bonus,Electronics,Normal
TXN0836,20-02-2024,66379,-66379,DEBIT,ACC584,Uber,Travel,High Value
TXN0837,01-03-2024,35908,-35908,DEBIT,ACC661,Nike,Travel,Normal
TXN0838,08-01-2024,1237,-1237,DEBIT,ACC704,Zara,Travel,Normal
TXN0839,02-01-2024,17160,-17160,DEBIT,ACC824,Flipkart,Electronics,Normal
TXN0840,19-03-2024,16444,16444,CREDIT,ACC928,Apple,Income,Normal
TXN0841,25-01-2024,90034,-90034,DEBIT,ACC689,Flipkart,Travel,High Value
TXN0842,07-01-2024,68158,-68158,DEBIT,ACC175,Bonus,Travel,High Value
TXN0843,08-02-2024,45494,45494,CREDIT,ACC133,Amazon,Income,Normal
TXN0844,07-02-2024,6906,6906,CREDIT,ACC552,Amazon,Electronics,Normal
TXN0845,15-03-2024,67037,-67037,DEBIT,ACC706,Flipkart,Income,High Value
TXN0846,25-01-2024,67620,-67620,DEBIT,ACC544,Salary,Electronics,High Value
TXN0847,01-01-2024,86265,-86265,DEBIT,ACC914,Salary,Electronics,High Value
TXN0848,14-03-2024,30577,30577,CREDIT,ACC236,Swiggy,Electronics,Normal
TXN0849,09-03-2024,87405,-87405,DEBIT,ACC387,Bonus,Income,High Value
TXN0850,14-01-2024,16236,16236,CREDIT,ACC534,Flipkart,Food,Normal
TXN0851,14-01-2024,96392,-96392,DEBIT,ACC629,Zara,Shopping,High Value
TXN0852,03-01-2024,48394,48394,CREDIT,ACC334,Walmart,Shopping,Normal
TXN0853,13-02-2024,20796,20796,CREDIT,ACC102,Swiggy,Travel,Normal
TXN0854,10-02-2024,64296,-64296,DEBIT,ACC618,Salary,Electronics,High Value
TXN0855,09-02-2024,46745,46745,CREDIT,ACC758,Flipkart,Food,Normal
TXN0856,14-02-2024,43043,-43043,DEBIT,ACC166,Amazon,Income,Normal
TXN0857,07-02-2024,4466,4466,CREDIT,ACC585,Flipkart,Electronics,Normal
TXN0858,27-01-2024,88076,-88076,DEBIT,ACC445,Apple,Electronics,High Value
TXN0859,08-01-2024,72522,-72522,DEBIT,ACC798,Nike,Electronics,High Value
TXN0860,06-01-2024,64326,-64326,DEBIT,ACC366,Uber,Food,High Value
TXN0861,27-01-2024,31509,-31509,DEBIT,ACC251,Uber,Electronics,Normal
TXN0862,11-03-2024,85280,-85280,DEBIT,ACC795,Nike,Income,High Value
TXN0863,12-01-2024,20045,-20045,DEBIT,ACC549,Nike,Travel,Normal
TXN0864,14-02-2024,93421,93421,CREDIT,ACC662,Amazon,Shopping,High Value
TXN0865,29-03-2024,67487,67487,CREDIT,ACC863,Swiggy,Food,High Value
TXN0866,19-02-2024,17386,17386,CREDIT,ACC981,Uber,Income,Normal
TXN0867,10-01-2024,65129,65129,CREDIT,ACC512,Zara,Electronics,High Value
TXN0868,12-01-2024,30894,30894,CREDIT,ACC791,Salary,Electronics,Normal
TXN0869,17-02-2024,62367,62367,CREDIT,ACC125,Nike,Electronics,High Value
TXN0870,25-01-2024,63644,63644,CREDIT,ACC175,Flipkart,Food,High Value
TXN0871,01-03-2024,95067,-95067,DEBIT,ACC382,Nike,Travel,High Value
TXN0872,19-01-2024,98064,98064,CREDIT,ACC722,Uber,Shopping,High Value
TXN0873,18-02-2024,34675,34675,CREDIT,ACC396,Zara,Food,Normal
TXN0874,18-03-2024,35909,35909,CREDIT,ACC122,Uber,Shopping,Normal
TXN0875,15-03-2024,82234,82234,CREDIT,ACC648,Amazon,Income,High Value
TXN0876,18-01-2024,2104,-2104,DEBIT,ACC820,Zara,Income,Normal
TXN0877,17-03-2024,89194,-89194,DEBIT,ACC668,Bonus,Electronics,High Value
TXN0878,31-01-2024,87349,-87349,DEBIT,ACC389,Nike,Electronics,High Value
TXN0879,26-03-2024,52493,52493,CREDIT,ACC413,Apple,Income,High Value
TXN0880,21-03-2024,6207,-6207,DEBIT,ACC858,Flipkart,Electronics,Normal
TXN0881,21-03-2024,16984,-16984,DEBIT,ACC470,Walmart,Food,Normal
TXN0882,03-02-2024,1067,-1067,DEBIT,ACC704,Swiggy,Electronics,Normal
TXN0883,03-03-2024,90857,-90857,DEBIT,ACC703,Zara,Travel,High Value
TXN0884,15-01-2024,39483,-39483,DEBIT,ACC943,Apple,Food,Normal
TXN0885,25-02-2024,66892,-66892,DEBIT,ACC673,Walmart,Income,High Value
TXN0886,30-01-2024,98155,98155,CREDIT,ACC189,Zara,Travel,High Value
TXN0887,14-03-2024,46732,-46732,DEBIT,ACC650,Bonus,Income,Normal
TXN0888,08-03-2024,25405,-25405,DEBIT,ACC186,Bonus,Electronics,Normal
TXN0889,06-02-2024,74668,-74668,DEBIT,ACC398,Uber,Electronics,High Value
TXN0890,26-03-2024,31512,31512,CREDIT,ACC179,Bonus,Income,Normal
TXN0891,03-03-2024,72753,-72753,DEBIT,ACC995,Walmart,Shopping,High Value
TXN0892,30-03-2024,54499,-54499,DEBIT,ACC163,Bonus,Electronics,High Value
TXN0893,11-01-2024,72534,-72534,DEBIT,ACC829,Bonus,Travel,High Value
TXN0894,07-03-2024,13444,13444,CREDIT,ACC335,Walmart,Electronics,Normal
TXN0895,22-03-2024,47928,47928,CREDIT,ACC260,Bonus,Shopping,Normal
TXN0896,06-01-2024,54842,54842,CREDIT,ACC884,Swiggy,Income,High Value
TXN0897,18-01-2024,46867,-46867,DEBIT,ACC808,Apple,Income,Normal
TXN0898,14-03-2024,4998,4998,CREDIT,ACC972,Flipkart,Food,Normal
TXN0899,01-03-2024,91644,-91644,DEBIT,ACC568,Swiggy,Income,High Value
TXN0900,10-02-2024,77797,-77797,DEBIT,ACC587,Salary,Food,High Value
TXN0901,31-01-2024,78706,78706,CREDIT,ACC945,Walmart,Electronics,High Value
TXN0902,16-01-2024,87129,87129,CREDIT,ACC154,Walmart,Shopping,High Value
TXN0903,02-02-2024,43319,-43319,DEBIT,ACC871,Flipkart,Income,Normal
TXN0904,09-01-2024,53253,-53253,DEBIT,ACC728,Zara,Travel,High Value
TXN0905,10-03-2024,73914,-73914,DEBIT,ACC864,Walmart,Shopping,High Value
TXN0906,13-02-2024,66309,66309,CREDIT,ACC638,Bonus,Food,High Value
TXN0907,21-03-2024,16280,16280,CREDIT,ACC848,Swiggy,Income,Normal
TXN0908,12-03-2024,36763,36763,CREDIT,ACC126,Salary,Shopping,Normal
TXN0909,17-02-2024,75012,-75012,DEBIT,ACC634,Uber,Income,High Value
TXN0910,03-03-2024,65733,-65733,DEBIT,ACC703,Zara,Shopping,High Value
TXN0911,26-02-2024,53172,53172,CREDIT,ACC753,Swiggy,Electronics,High Value
TXN0912,20-01-2024,22425,-22425,DEBIT,ACC810,Walmart,Electronics,Normal
TXN0913,25-02-2024,40865,-40865,DEBIT,ACC525,Nike,Travel,Normal
TXN0914,19-03-2024,22981,-22981,DEBIT,ACC976,Salary,Income,Normal
TXN0915,28-01-2024,12645,12645,CREDIT,ACC372,Walmart,Shopping,Normal
TXN0916,21-01-2024,43745,43745,CREDIT,ACC717,Swiggy,Electronics,Normal
TXN0917,16-01-2024,52167,-52167,DEBIT,ACC946,Flipkart,Shopping,High Value
TXN0918,04-03-2024,15148,15148,CREDIT,ACC677,Nike,Income,Normal
TXN0919,06-02-2024,50938,-50938,DEBIT,ACC837,Salary,Income,High Value
TXN0920,27-03-2024,73126,73126,CREDIT,ACC266,Swiggy,Shopping,High Value
TXN0921,22-02-2024,39938,-39938,DEBIT,ACC143,Apple,Travel,Normal
TXN0922,31-03-2024,50242,50242,CREDIT,ACC126,Nike,Travel,High Value
TXN0923,08-02-2024,98352,-98352,DEBIT,ACC472,Apple,Electronics,High Value
TXN0924,12-01-2024,49368,49368,CREDIT,ACC762,Flipkart,Travel,Normal
TXN0925,07-01-2024,58936,-58936,DEBIT,ACC403,Apple,Food,High Value
TXN0926,17-03-2024,39882,39882,CREDIT,ACC135,Flipkart,Shopping,Normal
TXN0927,09-03-2024,77023,-77023,DEBIT,ACC732,Walmart,Income,High Value
TXN0928,02-01-2024,68469,-68469,DEBIT,ACC958,Flipkart,Electronics,High Value
TXN0929,10-02-2024,82220,-82220,DEBIT,ACC142,Bonus,Food,High Value
TXN0930,19-03-2024,71582,71582,CREDIT,ACC133,Amazon,Income,High Value
TXN0931,04-03-2024,3506,3506,CREDIT,ACC929,Swiggy,Travel,Normal
TXN0932,23-01-2024,94192,94192,CREDIT,ACC373,Nike,Shopping,High Value
TXN0933,16-01-2024,97878,-97878,DEBIT,ACC481,Bonus,Shopping,High Value
TXN0934,06-03-2024,51046,-51046,DEBIT,ACC839,Apple,Income,High Value
TXN0935,01-01-2024,58394,-58394,DEBIT,ACC133,Nike,Income,High Value
TXN0936,01-02-2024,40724,40724,CREDIT,ACC994,Zara,Electronics,Normal
TXN0937,20-03-2024,16883,16883,CREDIT,ACC917,Walmart,Electronics,Normal
TXN0938,08-01-2024,66900,-66900,DEBIT,ACC783,Zara,Electronics,High Value
TXN0939,12-03-2024,4678,-4678,DEBIT,ACC511,Flipkart,Income,Normal
TXN0940,25-02-2024,71954,71954,CREDIT,ACC551,Nike,Income,High Value
TXN0941,28-03-2024,82379,-82379,DEBIT,ACC207,Flipkart,Travel,High Value
TXN0942,23-03-2024,51924,51924,CREDIT,ACC885,Walmart,Income,High Value
TXN0943,11-03-2024,62149,62149,CREDIT,ACC425,Swiggy,Income,High Value
TXN0944,06-02-2024,58167,-58167,DEBIT,ACC805,Salary,Travel,High Value
TXN0945,21-02-2024,71019,71019,CREDIT,ACC499,Zara,Electronics,High Value
TXN0946,01-03-2024,23269,-23269,DEBIT,ACC852,Walmart,Income,Normal
TXN0947,29-02-2024,67901,67901,CREDIT,ACC833,Walmart,Travel,High Value
TXN0948,24-03-2024,66937,66937,CREDIT,ACC326,Bonus,Income,High Value
TXN0949,15-02-2024,69798,-69798,DEBIT,ACC589,Uber,Income,High Value
TXN0950,08-02-2024,73925,73925,CREDIT,ACC231,Nike,Income,High Value
TXN0951,19-02-2024,83259,-83259,DEBIT,ACC756,Nike,Income,High Value
TXN0952,02-02-2024,4025,-4025,DEBIT,ACC422,Flipkart,Travel,Normal
TXN0953,18-01-2024,16520,16520,CREDIT,ACC113,Salary,Income,Normal
TXN0954,09-02-2024,2074,-2074,DEBIT,ACC971,Zara,Shopping,Normal
TXN0955,01-02-2024,10802,10802,CREDIT,ACC128,Amazon,Income,Normal
TXN0956,28-03-2024,38856,-38856,DEBIT,ACC356,Nike,Shopping,Normal
TXN0957,28-01-2024,72751,-72751,DEBIT,ACC621,Bonus,Shopping,High Value
TXN0958,04-02-2024,7126,-7126,DEBIT,ACC474,Flipkart,Electronics,Normal
TXN0959,24-01-2024,95559,-95559,DEBIT,ACC841,Zara,Income,High Value
TXN0960,27-01-2024,2149,-2149,DEBIT,ACC836,Nike,Shopping,Normal
TXN0961,29-01-2024,23815,23815,CREDIT,ACC672,Uber,Food,Normal
TXN0962,06-03-2024,12563,-12563,DEBIT,ACC179,Bonus,Travel,Normal
TXN0963,09-01-2024,2847,2847,CREDIT,ACC493,Amazon,Income,Normal
TXN0964,22-03-2024,20949,-20949,DEBIT,ACC752,Apple,Electronics,Normal
TXN0965,13-02-2024,84019,84019,CREDIT,ACC122,Nike,Shopping,High Value
TXN0966,22-02-2024,27932,27932,CREDIT,ACC576,Amazon,Food,Normal
TXN0967,21-02-2024,44140,-44140,DEBIT,ACC499,Salary,Electronics,Normal
TXN0968,04-01-2024,26925,-26925,DEBIT,ACC156,Salary,Income,Normal
TXN0969,13-03-2024,88470,-88470,DEBIT,ACC432,Flipkart,Food,High Value
TXN0970,27-01-2024,21878,21878,CREDIT,ACC359,Flipkart,Travel,Normal
TXN0971,18-02-2024,83579,83579,CREDIT,ACC980,Nike,Shopping,High Value
TXN0972,25-02-2024,59822,59822,CREDIT,ACC529,Flipkart,Shopping,High Value
TXN0973,03-01-2024,73169,73169,CREDIT,ACC706,Flipkart,Income,High Value
TXN0974,06-01-2024,37355,-37355,DEBIT,ACC327,Uber,Income,Normal
TXN0975,27-03-2024,56561,56561,CREDIT,ACC275,Swiggy,Food,High Value
TXN0976,19-02-2024,63400,-63400,DEBIT,ACC740,Flipkart,Travel,High Value
TXN0977,15-02-2024,53942,-53942,DEBIT,ACC642,Apple,Income,High Value
TXN0978,12-03-2024,85967,-85967,DEBIT,ACC803,Walmart,Electronics,High Value
TXN0979,29-02-2024,54158,54158,CREDIT,ACC271,Nike,Travel,High Value
TXN0980,26-03-2024,99652,-99652,DEBIT,ACC623,Walmart,Travel,High Value
TXN0981,12-03-2024,86381,86381,CREDIT,ACC379,Nike,Electronics,High Value
TXN0982,31-01-2024,32939,-32939,DEBIT,ACC294,Nike,Travel,Normal
TXN0983,11-02-2024,48640,-48640,DEBIT,ACC981,Swiggy,Income,Normal
TXN0984,24-01-2024,66955,-66955,DEBIT,ACC414,Bonus,Electronics,High Value
TXN0985,12-02-2024,64003,64003,CREDIT,ACC572,Walmart,Electronics,High Value
TXN0986,02-01-2024,87462,87462,CREDIT,ACC136,Bonus,Shopping,High Value
TXN0987,24-03-2024,62767,62767,CREDIT,ACC469,Salary,Electronics,High Value
TXN0988,19-03-2024,77369,77369,CREDIT,ACC360,Uber,Travel,High Value
TXN0989,24-02-2024,30134,30134,CREDIT,ACC495,Flipkart,Food,Normal
TXN0990,13-01-2024,47385,-47385,DEBIT,ACC242,Apple,Electronics,Normal
TXN0991,08-03-2024,13189,-13189,DEBIT,ACC564,Zara,Shopping,Normal
TXN0992,03-01-2024,79191,79191,CREDIT,ACC936,Uber,Shopping,High Value
TXN0993,01-02-2024,99668,99668,CREDIT,ACC100,Bonus,Food,High Value
TXN0994,19-02-2024,16722,16722,CREDIT,ACC709,Walmart,Travel,Normal
TXN0995,19-03-2024,80240,-80240,DEBIT,ACC780,Walmart,Food,High Value
TXN0996,06-03-2024,64793,-64793,DEBIT,ACC511,Bonus,Electronics,High Value
TXN0997,21-03-2024,15321,15321,CREDIT,ACC517,Apple,Food,Normal
TXN0998,27-01-2024,6555,-6555,DEBIT,ACC183,Salary,Shopping,Normal
TXN0999,09-01-2024,59357,-59357,DEBIT,ACC380,Zara,Electronics,High Value
TXN1000,25-01-2024,38080,-38080,DEBIT,ACC834,Apple,Food,Normal
