transaction_id,date,amount,type,account_id,merchant,category,status
TXN0001,2024-03-16,59796,Credit,ACC802,Apple,Travel,Success
TXN0002,2024-03-03,45145,Credit,ACC301,Flipkart,Income,Success
TXN0003,2024-01-13,23243,Credit,ACC690,Apple,Income,Success
TXN0004,2024-03-30,78721,Debit,ACC988,Uber,Electronics,Failed
TXN0005,2024-02-20,56763,Credit,ACC594,Amazon,Travel,Success
TXN0006,2024-01-20,72145,Credit,ACC284,Nike,Shopping,Success
TXN0007,2024-01-04,48886,Debit,ACC814,Amazon,Travel,Success
TXN0008,2024-02-20,74883,Debit,ACC333,Walmart,Travel,Failed
TXN0009,2024-01-19,76783,Debit,ACC633,Walmart,Travel,Success
TXN0010,2024-02-25,36085,Debit,ACC216,Bonus,Income,Success
TXN0011,2024-01-19,96481,Credit,ACC921,Bonus,Income,Success
TXN0012,2024-03-04,54634,Debit,ACC179,Uber,Shopping,Success
TXN0013,2024-01-25,48827,Debit,ACC767,Apple,Travel,Success
TXN0014,2024-01-28,53573,Credit,ACC364,Bonus,Income,Success
TXN0015,2024-01-24,60733,Credit,ACC921,Salary,Food,Success
TXN0016,2024-02-19,33272,Credit,ACC945,Uber,Income,Success
TXN0017,2024-01-18,48862,Debit,ACC309,Swiggy,Shopping,Success
TXN0018,2024-02-13,44871,Credit,ACC564,Amazon,Income,Success
TXN0019,2024-01-18,48749,Debit,ACC683,Zara,Income,Success
TXN0020,2024-02-09,32882,Credit,ACC700,Nike,Shopping,Failed
TXN0021,2024-01-12,1052,Credit,ACC382,Bonus,Income,Success
TXN0022,2024-02-15,55700,Debit,ACC632,Amazon,Shopping,Failed
TXN0023,2024-03-07,74772,Credit,ACC587,Uber,Travel,Success
TXN0024,2024-02-02,16705,Debit,ACC275,Walmart,Electronics,Success
TXN0025,2024-03-01,77012,Credit,ACC399,Nike,Food,Success
TXN0026,2024-03-30,15698,Debit,ACC149,Salary,Income,Failed
TXN0027,2024-02-25,21321,Credit,ACC649,Bonus,Income,Success
TXN0028,2024-03-08,15006,Credit,ACC345,Amazon,Food,Success
TXN0029,2024-02-13,19994,Credit,ACC332,Salary,Electronics,Success
TXN0030,2024-03-28,68739,Debit,ACC600,Apple,Electronics,Success
TXN0031,2024-03-30,18340,Debit,ACC188,Uber,Food,Success
TXN0032,2024-01-28,7297,Credit,ACC304,Flipkart,Income,Success
TXN0033,2024-01-25,25039,Debit,ACC869,Zara,Shopping,Success
TXN0034,2024-01-01,58363,Debit,ACC681,Bonus,Electronics,Failed
TXN0035,2024-03-05,5546,Debit,ACC981,Zara,Food,Success
TXN0036,2024-01-31,7523,Debit,ACC684,Salary,Electronics,Success
TXN0037,2024-01-11,74983,Credit,ACC104,Walmart,Food,Success
TXN0038,2024-01-22,31335,Debit,ACC356,Salary,Food,Failed
TXN0039,2024-01-19,91912,Debit,ACC767,Swiggy,Food,Success
TXN0040,2024-03-22,87230,Credit,ACC666,Walmart,Food,Success
TXN0041,2024-02-21,73522,Debit,ACC831,Apple,Electronics,Success
TXN0042,2024-03-02,71154,Debit,ACC857,Bonus,Travel,Failed
TXN0043,2024-03-13,37887,Credit,ACC565,Salary,Travel,Failed
TXN0044,2024-02-08,78716,Debit,ACC177,Walmart,Food,Success
TXN0045,2024-03-27,68809,Debit,ACC973,Zara,Income,Failed
TXN0046,2024-01-01,82071,Debit,ACC936,Nike,Travel,Success
TXN0047,2024-02-04,7113,Credit,ACC867,Amazon,Shopping,Success
TXN0048,2024-03-22,36953,Debit,ACC469,Nike,Food,Failed
TXN0049,2024-02-12,41769,Credit,ACC419,Salary,Income,Success
TXN0050,2024-01-12,17004,Debit,ACC579,Amazon,Food,Failed
TXN0051,2024-01-27,51308,Credit,ACC265,Apple,Food,Success
TXN0052,2024-01-11,92542,Debit,ACC138,Flipkart,Shopping,Success
TXN0053,2024-02-29,24510,Credit,ACC712,Flipkart,Shopping,Success
TXN0054,2024-02-18,56385,Debit,ACC533,Swiggy,Shopping,Failed
TXN0055,2024-02-15,77113,Debit,ACC526,Apple,Shopping,Success
TXN0056,2024-01-29,70008,Credit,ACC474,Flipkart,Food,Success
TXN0057,2024-01-22,19011,Debit,ACC627,Zara,Electronics,Failed
TXN0058,2024-02-10,50423,Credit,ACC169,Zara,Food,Success
TXN0059,2024-03-16,54977,Debit,ACC129,Bonus,Travel,Success
TXN0060,2024-02-29,68829,Debit,ACC324,Zara,Income,Success
TXN0061,2024-02-22,91498,Credit,ACC164,Flipkart,Shopping,Success
TXN0062,2024-03-21,49248,Credit,ACC952,Walmart,Shopping,Success
TXN0063,2024-02-01,10665,Credit,ACC491,Flipkart,Travel,Success
TXN0064,2024-01-09,31129,Credit,ACC317,Swiggy,Electronics,Success
TXN0065,2024-01-04,42811,Credit,ACC549,Bonus,Electronics,Failed
TXN0066,2024-03-31,6053,Debit,ACC902,Walmart,Shopping,Success
TXN0067,2024-03-07,38029,Debit,ACC562,Amazon,Shopping,Success
TXN0068,2024-01-10,36455,Debit,ACC758,Flipkart,Income,Failed
TXN0069,2024-01-18,67936,Credit,ACC902,Bonus,Shopping,Failed
TXN0070,2024-03-21,87219,Debit,ACC308,Amazon,Travel,Success
TXN0071,2024-01-11,39559,Debit,ACC144,Salary,Shopping,Success
TXN0072,2024-02-07,96235,Credit,ACC303,Nike,Electronics,Success
TXN0073,2024-03-10,88235,Debit,ACC525,Apple,Travel,Success
TXN0074,2024-03-19,97623,Credit,ACC620,Walmart,Travel,Success
TXN0075,2024-02-23,8190,Debit,ACC728,Salary,Electronics,Success
TXN0076,2024-03-21,27144,Debit,ACC394,Uber,Food,Success
TXN0077,2024-02-15,36772,Debit,ACC295,Nike,Electronics,Success
TXN0078,2024-01-21,49615,Credit,ACC538,Uber,Shopping,Success
TXN0079,2024-02-09,98801,Credit,ACC896,Amazon,Income,Success
TXN0080,2024-01-05,1779,Debit,ACC904,Zara,Shopping,Success
TXN0081,2024-03-02,67724,Credit,ACC510,Nike,Shopping,Failed
TXN0082,2024-01-11,92876,Debit,ACC531,Salary,Income,Success
TXN0083,2024-02-11,34504,Debit,ACC310,Bonus,Food,Success
TXN0084,2024-03-09,21633,Credit,ACC140,Walmart,Income,Success
TXN0085,2024-03-08,59779,Credit,ACC706,Amazon,Shopping,Success
TXN0086,2024-01-06,45126,Credit,ACC788,Flipkart,Income,Success
TXN0087,2024-02-04,72887,Credit,ACC245,Apple,Food,Success
TXN0088,2024-03-23,77086,Credit,ACC805,Amazon,Food,Success
TXN0089,2024-03-04,72615,Debit,ACC825,Bonus,Income,Success
TXN0090,2024-03-17,91891,Debit,ACC268,Zara,Shopping,Success
TXN0091,2024-03-24,19478,Credit,ACC267,Zara,Travel,Success
TXN0092,2024-02-19,70984,Credit,ACC877,Walmart,Shopping,Success
TXN0093,2024-01-12,10724,Credit,ACC284,Walmart,Electronics,Success
TXN0094,2024-03-15,65680,Debit,ACC196,Swiggy,Food,Success
TXN0095,2024-02-26,85408,Credit,ACC998,Uber,Travel,Success
TXN0096,2024-03-17,13362,Credit,ACC611,Zara,Food,Failed
TXN0097,2024-02-01,13231,Credit,ACC973,Flipkart,Shopping,Failed
TXN0098,2024-01-12,47922,Debit,ACC954,Walmart,Electronics,Success
TXN0099,2024-02-07,46132,Debit,ACC420,Flipkart,Electronics,Success
TXN0100,2024-01-14,36749,Credit,ACC403,Swiggy,Travel,Success
TXN0101,2024-02-11,42130,Debit,ACC306,Amazon,Electronics,Success
TXN0102,2024-03-10,15814,Debit,ACC126,Nike,Income,Success
TXN0103,2024-01-19,290,Credit,ACC177,Apple,Electronics,Success
TXN0104,2024-02-15,71558,Credit,ACC802,Flipkart,Income,Success
TXN0105,2024-01-30,47922,Credit,ACC826,Uber,Income,Success
TXN0106,2024-03-01,59630,Debit,ACC763,Bonus,Income,Success
TXN0107,2024-03-05,33890,Credit,ACC992,Swiggy,Food,Success
TXN0108,2024-02-02,53461,Credit,ACC792,Salary,Shopping,Success
TXN0109,2024-01-27,79510,Credit,ACC963,Flipkart,Travel,Success
TXN0110,2024-03-23,49976,Debit,ACC484,Nike,Income,Success
TXN0111,2024-01-02,21073,Credit,ACC891,Nike,Electronics,Success
TXN0112,2024-03-13,94128,Credit,ACC923,Uber,Electronics,Success
TXN0113,2024-01-06,48323,Debit,ACC144,Salary,Shopping,Success
TXN0114,2024-02-16,11400,Debit,ACC119,Swiggy,Electronics,Success
TXN0115,2024-02-05,21262,Credit,ACC813,Swiggy,Travel,Success
TXN0116,2024-03-23,51134,Debit,ACC894,Apple,Income,Success
TXN0117,2024-02-05,62233,Debit,ACC760,Walmart,Travel,Success
TXN0118,2024-02-25,60579,Debit,ACC847,Amazon,Income,Success
TXN0119,2024-01-22,84760,Credit,ACC647,Walmart,Shopping,Success
TXN0120,2024-01-22,83598,Credit,ACC443,Walmart,Shopping,Success
TXN0121,2024-01-17,12499,Credit,ACC796,Nike,Travel,Success
TXN0122,2024-01-24,57985,Credit,ACC237,Flipkart,Food,Success
TXN0123,2024-01-01,74437,Credit,ACC959,Swiggy,Shopping,Success
TXN0124,2024-01-12,24106,Credit,ACC333,Zara,Shopping,Success
TXN0125,2024-03-24,8907,Credit,ACC545,Swiggy,Travel,Success
TXN0126,2024-01-10,10044,Credit,ACC933,Nike,Food,Success
TXN0127,2024-01-27,13948,Debit,ACC871,Amazon,Shopping,Success
TXN0128,2024-03-10,205,Debit,ACC572,Uber,Income,Success
TXN0129,2024-01-12,55751,Credit,ACC454,Apple,Electronics,Success
TXN0130,2024-01-31,45533,Debit,ACC841,Zara,Electronics,Success
TXN0131,2024-01-19,4602,Debit,ACC553,Apple,Electronics,Failed
TXN0132,2024-03-25,23951,Credit,ACC161,Salary,Food,Success
TXN0133,2024-03-20,70952,Debit,ACC461,Bonus,Shopping,Success
TXN0134,2024-01-13,538,Credit,ACC561,Salary,Income,Success
TXN0135,2024-03-09,55591,Credit,ACC793,Flipkart,Electronics,Failed
TXN0136,2024-03-08,73541,Debit,ACC633,Walmart,Food,Success
TXN0137,2024-02-11,64979,Debit,ACC566,Bonus,Travel,Success
TXN0138,2024-02-18,48410,Credit,ACC126,Swiggy,Food,Success
TXN0139,2024-03-12,77143,Credit,ACC734,Flipkart,Shopping,Success
TXN0140,2024-03-13,38326,Debit,ACC888,Swiggy,Travel,Success
TXN0141,2024-02-19,43299,Debit,ACC364,Bonus,Food,Success
TXN0142,2024-01-13,89046,Credit,ACC912,Walmart,Travel,Success
TXN0143,2024-02-08,3210,Credit,ACC402,Swiggy,Food,Success
TXN0144,2024-02-18,56378,Credit,ACC561,Nike,Income,Failed
TXN0145,2024-01-18,5356,Debit,ACC520,Salary,Travel,Success
TXN0146,2024-03-31,37226,Debit,ACC348,Nike,Shopping,Success
TXN0147,2024-01-03,60738,Debit,ACC577,Amazon,Travel,Success
TXN0148,2024-02-26,9775,Credit,ACC107,Salary,Travel,Success
TXN0149,2024-02-20,78092,Credit,ACC144,Walmart,Shopping,Success
TXN0150,2024-03-04,24891,Debit,ACC333,Apple,Electronics,Success
TXN0151,2024-01-28,90615,Credit,ACC185,Bonus,Travel,Success
TXN0152,2024-03-03,46894,Credit,ACC753,Bonus,Shopping,Success
TXN0153,2024-01-18,76747,Credit,ACC527,Uber,Food,Success
TXN0154,2024-01-28,10099,Debit,ACC824,Nike,Food,Success
TXN0155,2024-03-29,47446,Debit,ACC288,Salary,Food,Success
TXN0156,2024-02-27,80821,Debit,ACC292,Amazon,Shopping,Failed
TXN0157,2024-03-09,98555,Credit,ACC905,Salary,Shopping,Success
TXN0158,2024-03-16,91167,Credit,ACC184,Swiggy,Electronics,Success
TXN0159,2024-01-17,46773,Debit,ACC798,Swiggy,Shopping,Success
TXN0160,2024-03-21,35143,Credit,ACC281,Zara,Electronics,Failed
TXN0161,2024-03-30,83216,Debit,ACC862,Swiggy,Income,Success
TXN0162,2024-02-11,6699,Credit,ACC241,Amazon,Travel,Success
TXN0163,2024-02-19,88379,Debit,ACC502,Amazon,Shopping,Failed
TXN0164,2024-03-08,27331,Credit,ACC211,Swiggy,Shopping,Success
TXN0165,2024-03-21,18445,Debit,ACC803,Salary,Travel,Success
TXN0166,2024-02-06,10485,Credit,ACC394,Amazon,Travel,Success
TXN0167,2024-01-12,84405,Debit,ACC698,Salary,Electronics,Success
TXN0168,2024-01-30,36201,Credit,ACC882,Uber,Food,Success
TXN0169,2024-01-29,24147,Debit,ACC111,Amazon,Income,Success
TXN0170,2024-02-01,39525,Debit,ACC874,Flipkart,Income,Success
TXN0171,2024-02-01,48951,Debit,ACC648,Flipkart,Food,Failed
TXN0172,2024-01-09,97484,Debit,ACC381,Amazon,Shopping,Success
TXN0173,2024-02-08,22682,Credit,ACC996,Uber,Income,Success
TXN0174,2024-02-04,17307,Credit,ACC707,Salary,Food,Success
TXN0175,2024-01-12,81636,Debit,ACC402,Swiggy,Electronics,Failed
TXN0176,2024-01-30,78157,Credit,ACC500,Amazon,Shopping,Success
TXN0177,2024-02-11,64878,Debit,ACC288,Uber,Shopping,Success
TXN0178,2024-01-24,68210,Credit,ACC289,Bonus,Food,Success
TXN0179,2024-03-13,65371,Debit,ACC516,Salary,Food,Success
TXN0180,2024-03-11,21896,Debit,ACC965,Nike,Electronics,Success
TXN0181,2024-02-25,58431,Debit,ACC770,Salary,Income,Success
TXN0182,2024-01-20,75278,Credit,ACC760,Apple,Income,Success
TXN0183,2024-02-27,95538,Credit,ACC633,Uber,Travel,Success
TXN0184,2024-02-08,69437,Credit,ACC835,Apple,Travel,Success
TXN0185,2024-01-21,18792,Credit,ACC243,Uber,Electronics,Success
TXN0186,2024-01-29,80241,Credit,ACC328,Bonus,Income,Failed
TXN0187,2024-01-01,17689,Debit,ACC269,Apple,Travel,Success
TXN0188,2024-02-09,40135,Debit,ACC268,Zara,Food,Success
TXN0189,2024-03-29,8741,Credit,ACC904,Salary,Shopping,Success
TXN0190,2024-02-02,7804,Credit,ACC927,Uber,Income,Success
TXN0191,2024-03-07,41027,Debit,ACC801,Nike,Travel,Success
TXN0192,2024-03-13,68947,Credit,ACC672,Amazon,Travel,Success
TXN0193,2024-03-01,3676,Credit,ACC502,Nike,Income,Success
TXN0194,2024-01-20,4427,Credit,ACC578,Salary,Electronics,Success
TXN0195,2024-02-13,59879,Debit,ACC613,Bonus,Electronics,Failed
TXN0196,2024-01-05,74339,Credit,ACC637,Walmart,Shopping,Success
TXN0197,2024-03-28,70463,Debit,ACC344,Zara,Food,Success
TXN0198,2024-02-16,58078,Credit,ACC268,Flipkart,Electronics,Success
TXN0199,2024-01-20,81485,Debit,ACC889,Uber,Electronics,Success
TXN0200,2024-01-25,19907,Debit,ACC731,Apple,Income,Success
TXN0201,2024-03-18,79044,Credit,ACC470,Salary,Food,Success
TXN0202,2024-02-11,24220,Credit,ACC462,Nike,Income,Success
TXN0203,2024-02-13,58473,Credit,ACC994,Zara,Travel,Success
TXN0204,2024-02-26,43889,Debit,ACC168,Salary,Shopping,Failed
TXN0205,2024-03-10,70925,Debit,ACC525,Swiggy,Electronics,Failed
TXN0206,2024-03-16,95868,Credit,ACC598,Apple,Travel,Success
TXN0207,2024-01-20,58785,Debit,ACC133,Flipkart,Food,Success
TXN0208,2024-01-18,31368,Debit,ACC898,Swiggy,Food,Success
TXN0209,2024-01-16,36923,Credit,ACC257,Walmart,Electronics,Success
TXN0210,2024-03-04,56212,Credit,ACC168,Zara,Shopping,Success
TXN0211,2024-02-02,15385,Debit,ACC530,Flipkart,Food,Success
TXN0212,2024-03-20,37522,Debit,ACC838,Uber,Food,Failed
TXN0213,2024-02-22,23099,Debit,ACC532,Salary,Income,Success
TXN0214,2024-01-22,66699,Debit,ACC492,Uber,Travel,Success
TXN0215,2024-03-05,14688,Debit,ACC734,Zara,Travel,Success
TXN0216,2024-01-18,30326,Credit,ACC556,Flipkart,Travel,Success
TXN0217,2024-02-16,24199,Debit,ACC183,Swiggy,Income,Failed
TXN0218,2024-03-30,62805,Credit,ACC541,Swiggy,Travel,Success
TXN0219,2024-02-08,39860,Debit,ACC990,Zara,Electronics,Success
TXN0220,2024-03-29,31317,Credit,ACC927,Salary,Electronics,Failed
TXN0221,2024-01-30,20131,Debit,ACC292,Walmart,Electronics,Success
TXN0222,2024-03-28,76032,Credit,ACC550,Apple,Income,Success
TXN0223,2024-03-29,13300,Debit,ACC835,Salary,Travel,Success
TXN0224,2024-01-17,94983,Debit,ACC657,Swiggy,Shopping,Success
TXN0225,2024-02-17,924,Credit,ACC147,Salary,Income,Success
TXN0226,2024-02-23,66467,Debit,ACC301,Swiggy,Travel,Success
TXN0227,2024-03-04,59502,Debit,ACC890,Flipkart,Income,Success
TXN0228,2024-03-26,81388,Debit,ACC458,Walmart,Shopping,Success
TXN0229,2024-03-03,3119,Credit,ACC732,Bonus,Travel,Success
TXN0230,2024-02-08,10425,Credit,ACC702,Walmart,Income,Success
TXN0231,2024-01-16,14083,Credit,ACC285,Nike,Food,Success
TXN0232,2024-01-23,40020,Credit,ACC494,Salary,Income,Success
TXN0233,2024-02-25,39381,Debit,ACC100,Flipkart,Electronics,Success
TXN0234,2024-02-28,43900,Debit,ACC925,Walmart,Income,Success
TXN0235,2024-01-12,36526,Credit,ACC743,Salary,Food,Failed
TXN0236,2024-01-27,22490,Debit,ACC829,Swiggy,Travel,Success
TXN0237,2024-01-24,8986,Credit,ACC151,Walmart,Electronics,Success
TXN0238,2024-01-22,94232,Debit,ACC322,Walmart,Electronics,Success
TXN0239,2024-01-04,51531,Credit,ACC189,Apple,Income,Success
TXN0240,2024-03-25,72352,Credit,ACC801,Bonus,Food,Success
TXN0241,2024-01-03,32933,Credit,ACC618,Salary,Travel,Success
TXN0242,2024-01-06,95130,Credit,ACC751,Zara,Electronics,Success
TXN0243,2024-02-14,87384,Debit,ACC542,Walmart,Travel,Success
TXN0244,2024-01-01,77188,Debit,ACC455,Bonus,Travel,Failed
TXN0245,2024-03-18,67263,Debit,ACC992,Bonus,Electronics,Success
TXN0246,2024-03-18,32466,Debit,ACC207,Swiggy,Travel,Failed
TXN0247,2024-01-23,61151,Credit,ACC933,Salary,Electronics,Success
TXN0248,2024-01-13,56401,Debit,ACC694,Zara,Travel,Failed
TXN0249,2024-02-11,23623,Credit,ACC771,Walmart,Income,Success
TXN0250,2024-01-17,17772,Credit,ACC136,Salary,Income,Failed
TXN0251,2024-02-14,97215,Credit,ACC382,Amazon,Shopping,Success
TXN0252,2024-03-02,61226,Credit,ACC742,Swiggy,Income,Success
TXN0253,2024-03-07,38553,Credit,ACC813,Amazon,Shopping,Success
TXN0254,2024-01-12,44162,Credit,ACC993,Bonus,Electronics,Success
TXN0255,2024-03-11,92355,Credit,ACC650,Flipkart,Shopping,Success
TXN0256,2024-03-30,42885,Credit,ACC564,Flipkart,Income,Success
TXN0257,2024-01-30,93459,Credit,ACC663,Salary,Travel,Success
TXN0258,2024-03-14,47567,Credit,ACC943,Walmart,Travel,Success
TXN0259,2024-03-08,94140,Debit,ACC945,Nike,Food,Failed
TXN0260,2024-02-04,36387,Credit,ACC260,Zara,Shopping,Failed
TXN0261,2024-01-05,34085,Debit,ACC476,Zara,Electronics,Success
TXN0262,2024-02-06,85322,Debit,ACC665,Nike,Shopping,Success
TXN0263,2024-02-18,95577,Debit,ACC863,Flipkart,Income,Success
TXN0264,2024-03-25,92101,Debit,ACC787,Flipkart,Travel,Success
TXN0265,2024-03-14,21209,Credit,ACC883,Nike,Shopping,Success
TXN0266,2024-02-17,66431,Credit,ACC591,Walmart,Shopping,Success
TXN0267,2024-02-13,25721,Credit,ACC576,Flipkart,Income,Success
TXN0268,2024-02-01,66608,Credit,ACC636,Swiggy,Electronics,Success
TXN0269,2024-02-04,39050,Credit,ACC549,Zara,Electronics,Success
TXN0270,2024-03-19,77997,Credit,ACC848,Walmart,Travel,Success
TXN0271,2024-01-16,61160,Debit,ACC634,Apple,Travel,Success
TXN0272,2024-02-24,18359,Credit,ACC972,Zara,Travel,Success
TXN0273,2024-01-12,44811,Debit,ACC507,Apple,Shopping,Success
TXN0274,2024-01-14,11182,Debit,ACC835,Uber,Travel,Failed
TXN0275,2024-02-08,33601,Credit,ACC981,Swiggy,Electronics,Failed
TXN0276,2024-02-08,81699,Debit,ACC219,Walmart,Travel,Failed
TXN0277,2024-03-02,57064,Credit,ACC487,Apple,Food,Success
TXN0278,2024-01-14,96496,Debit,ACC692,Salary,Income,Success
TXN0279,2024-03-14,96370,Debit,ACC290,Swiggy,Food,Success
TXN0280,2024-02-20,49037,Credit,ACC248,Flipkart,Electronics,Success
TXN0281,2024-02-15,86872,Credit,ACC801,Uber,Shopping,Success
TXN0282,2024-03-30,60879,Debit,ACC133,Swiggy,Food,Success
TXN0283,2024-02-02,82598,Debit,ACC759,Salary,Food,Success
TXN0284,2024-03-15,25644,Debit,ACC168,Flipkart,Income,Success
TXN0285,2024-03-04,53658,Debit,ACC895,Salary,Travel,Success
TXN0286,2024-01-28,47460,Debit,ACC629,Nike,Electronics,Success
TXN0287,2024-03-18,21288,Credit,ACC591,Salary,Food,Success
TXN0288,2024-03-22,53782,Debit,ACC984,Flipkart,Shopping,Success
TXN0289,2024-03-21,74497,Credit,ACC266,Nike,Electronics,Failed
TXN0290,2024-02-03,69179,Credit,ACC379,Walmart,Income,Success
TXN0291,2024-02-28,92665,Debit,ACC697,Apple,Income,Success
TXN0292,2024-01-23,62554,Debit,ACC794,Zara,Shopping,Success
TXN0293,2024-01-04,51751,Debit,ACC475,Zara,Food,Success
TXN0294,2024-03-01,62790,Debit,ACC628,Uber,Shopping,Success
TXN0295,2024-01-25,90046,Debit,ACC924,Walmart,Travel,Success
TXN0296,2024-03-19,66551,Credit,ACC747,Amazon,Food,Success
TXN0297,2024-02-04,4173,Credit,ACC306,Amazon,Electronics,Failed
TXN0298,2024-02-16,65644,Debit,ACC194,Walmart,Food,Success
TXN0299,2024-02-19,86838,Credit,ACC709,Zara,Food,Failed
TXN0300,2024-03-01,10540,Debit,ACC209,Flipkart,Food,Failed
TXN0301,2024-01-01,98374,Debit,ACC343,Bonus,Income,Success
TXN0302,2024-02-14,43805,Credit,ACC732,Apple,Income,Success
TXN0303,2024-02-04,74296,Credit,ACC425,Bonus,Electronics,Failed
TXN0304,2024-01-26,37831,Credit,ACC630,Flipkart,Shopping,Success
TXN0305,2024-01-18,89212,Credit,ACC171,Flipkart,Electronics,Success
TXN0306,2024-01-14,91551,Debit,ACC978,Flipkart,Income,Success
TXN0307,2024-03-06,64032,Debit,ACC292,Zara,Income,Success
TXN0308,2024-01-29,39237,Credit,ACC257,Flipkart,Travel,Success
TXN0309,2024-01-10,76758,Debit,ACC777,Zara,Shopping,Success
TXN0310,2024-02-01,49574,Credit,ACC896,Bonus,Income,Success
TXN0311,2024-03-12,64548,Credit,ACC293,Flipkart,Shopping,Success
TXN0312,2024-02-02,95577,Credit,ACC542,Amazon,Electronics,Failed
TXN0313,2024-03-11,62418,Credit,ACC261,Flipkart,Food,Success
TXN0314,2024-02-19,27467,Debit,ACC773,Zara,Food,Failed
TXN0315,2024-02-25,88107,Credit,ACC253,Nike,Shopping,Success
TXN0316,2024-03-14,64993,Debit,ACC225,Amazon,Shopping,Success
TXN0317,2024-01-18,40255,Debit,ACC356,Nike,Electronics,Success
TXN0318,2024-03-15,49084,Debit,ACC399,Swiggy,Electronics,Success
TXN0319,2024-02-03,83597,Credit,ACC116,Uber,Electronics,Success
TXN0320,2024-01-24,25112,Debit,ACC982,Walmart,Electronics,Success
TXN0321,2024-03-01,36301,Credit,ACC800,Bonus,Shopping,Success
TXN0322,2024-03-07,38001,Credit,ACC771,Zara,Income,Success
TXN0323,2024-03-28,5711,Debit,ACC527,Flipkart,Income,Success
TXN0324,2024-02-18,76135,Credit,ACC351,Apple,Food,Success
TXN0325,2024-02-04,97151,Debit,ACC175,Zara,Income,Success
TXN0326,2024-03-28,23239,Debit,ACC949,Nike,Electronics,Success
TXN0327,2024-01-05,4837,Debit,ACC582,Uber,Travel,Success
TXN0328,2024-03-27,20229,Debit,ACC540,Nike,Food,Success
TXN0329,2024-03-05,16013,Credit,ACC644,Amazon,Travel,Success
TXN0330,2024-01-06,45997,Credit,ACC284,Walmart,Shopping,Success
TXN0331,2024-03-14,88816,Credit,ACC103,Apple,Food,Success
TXN0332,2024-02-12,54055,Debit,ACC593,Uber,Income,Success
TXN0333,2024-02-27,87602,Credit,ACC629,Bonus,Income,Failed
TXN0334,2024-02-24,39758,Debit,ACC701,Zara,Shopping,Failed
TXN0335,2024-03-15,16782,Debit,ACC532,Salary,Electronics,Success
TXN0336,2024-03-10,21320,Credit,ACC605,Salary,Food,Failed
TXN0337,2024-02-22,13250,Credit,ACC816,Swiggy,Food,Failed
TXN0338,2024-03-17,18832,Credit,ACC462,Flipkart,Travel,Success
TXN0339,2024-01-25,7488,Debit,ACC404,Uber,Food,Success
TXN0340,2024-03-02,78989,Credit,ACC705,Flipkart,Travel,Success
TXN0341,2024-02-06,59351,Debit,ACC583,Nike,Income,Failed
TXN0342,2024-01-24,3109,Debit,ACC807,Salary,Income,Success
TXN0343,2024-02-13,48209,Credit,ACC692,Swiggy,Shopping,Success
TXN0344,2024-03-10,35019,Debit,ACC909,Apple,Shopping,Failed
TXN0345,2024-01-17,15609,Credit,ACC822,Uber,Food,Success
TXN0346,2024-02-08,6758,Credit,ACC110,Uber,Electronics,Success
TXN0347,2024-03-09,87538,Debit,ACC257,Uber,Food,Success
TXN0348,2024-02-05,18970,Credit,ACC903,Apple,Shopping,Failed
TXN0349,2024-01-04,17500,Credit,ACC578,Zara,Food,Success
TXN0350,2024-02-19,391,Credit,ACC260,Salary,Travel,Success
TXN0351,2024-02-25,82772,Debit,ACC695,Walmart,Shopping,Success
TXN0352,2024-01-27,29217,Credit,ACC237,Nike,Shopping,Success
TXN0353,2024-03-15,7213,Credit,ACC964,Salary,Travel,Success
TXN0354,2024-03-22,78470,Debit,ACC217,Uber,Income,Success
TXN0355,2024-01-25,77307,Debit,ACC153,Nike,Travel,Success
TXN0356,2024-01-18,41668,Credit,ACC465,Walmart,Shopping,Success
TXN0357,2024-03-02,48472,Credit,ACC771,Salary,Travel,Success
TXN0358,2024-03-11,86801,Credit,ACC246,Amazon,Food,Success
TXN0359,2024-01-13,4707,Debit,ACC571,Walmart,Income,Success
TXN0360,2024-03-12,46878,Debit,ACC999,Apple,Food,Success
TXN0361,2024-01-29,43875,Debit,ACC521,Zara,Electronics,Success
TXN0362,2024-01-27,11970,Debit,ACC486,Uber,Travel,Success
TXN0363,2024-02-27,55068,Credit,ACC187,Nike,Travel,Success
TXN0364,2024-01-21,82749,Credit,ACC689,Salary,Food,Success
TXN0365,2024-01-17,99501,Credit,ACC872,Uber,Travel,Success
TXN0366,2024-01-26,662,Debit,ACC195,Bonus,Travel,Success
TXN0367,2024-03-26,38783,Debit,ACC940,Apple,Food,Success
TXN0368,2024-03-31,65036,Debit,ACC152,Apple,Travel,Success
TXN0369,2024-03-23,66083,Credit,ACC555,Flipkart,Shopping,Failed
TXN0370,2024-03-13,10826,Debit,ACC207,Amazon,Income,Success
TXN0371,2024-01-05,69515,Credit,ACC631,Amazon,Food,Success
TXN0372,2024-02-03,32503,Credit,ACC731,Swiggy,Income,Success
TXN0373,2024-03-11,95998,Credit,ACC437,Bonus,Travel,Success
TXN0374,2024-03-11,7314,Credit,ACC411,Swiggy,Travel,Success
TXN0375,2024-03-17,29374,Debit,ACC199,Salary,Food,Success
TXN0376,2024-03-12,9429,Debit,ACC200,Walmart,Food,Success
TXN0377,2024-02-15,94341,Credit,ACC776,Amazon,Travel,Failed
TXN0378,2024-03-14,54249,Credit,ACC847,Salary,Food,Success
TXN0379,2024-02-04,33047,Debit,ACC449,Nike,Travel,Success
TXN0380,2024-02-25,2451,Debit,ACC688,Bonus,Travel,Failed
TXN0381,2024-01-04,48442,Credit,ACC938,Flipkart,Travel,Success
TXN0382,2024-02-17,6340,Credit,ACC724,Salary,Shopping,Success
TXN0383,2024-01-11,92049,Credit,ACC152,Flipkart,Food,Success
TXN0384,2024-02-12,63815,Credit,ACC108,Salary,Shopping,Failed
TXN0385,2024-01-30,75985,Credit,ACC301,Uber,Electronics,Success
TXN0386,2024-03-24,81181,Credit,ACC145,Swiggy,Electronics,Success
TXN0387,2024-02-18,90910,Debit,ACC447,Amazon,Income,Success
TXN0388,2024-01-12,75137,Debit,ACC460,Apple,Travel,Failed
TXN0389,2024-02-07,83970,Debit,ACC279,Swiggy,Travel,Success
TXN0390,2024-01-13,33995,Credit,ACC284,Uber,Income,Success
TXN0391,2024-01-27,57913,Debit,ACC268,Nike,Travel,Success
TXN0392,2024-02-27,78494,Debit,ACC151,Salary,Food,Success
TXN0393,2024-01-27,31730,Credit,ACC851,Walmart,Income,Success
TXN0394,2024-02-22,30812,Debit,ACC354,Nike,Income,Success
TXN0395,2024-01-16,63743,Credit,ACC628,Walmart,Electronics,Success
TXN0396,2024-03-18,62328,Credit,ACC600,Amazon,Shopping,Success
TXN0397,2024-01-13,52465,Credit,ACC152,Nike,Food,Success
TXN0398,2024-02-09,9648,Debit,ACC772,Salary,Income,Success
TXN0399,2024-02-15,79881,Credit,ACC847,Swiggy,Income,Success
TXN0400,2024-02-20,72393,Debit,ACC469,Nike,Shopping,Success
TXN0401,2024-03-05,94819,Credit,ACC298,Amazon,Food,Success
TXN0402,2024-03-03,90714,Credit,ACC152,Zara,Food,Success
TXN0403,2024-01-21,72080,Credit,ACC251,Bonus,Food,Success
TXN0404,2024-02-08,47826,Debit,ACC773,Uber,Income,Success
TXN0405,2024-01-26,5554,Debit,ACC508,Salary,Shopping,Success
TXN0406,2024-02-15,28915,Debit,ACC219,Salary,Income,Success
TXN0407,2024-01-20,33975,Debit,ACC100,Nike,Electronics,Success
TXN0408,2024-03-27,20803,Debit,ACC809,Swiggy,Travel,Success
TXN0409,2024-02-05,58269,Credit,ACC241,Apple,Income,Success
TXN0410,2024-02-01,77750,Credit,ACC218,Apple,Food,Failed
TXN0411,2024-03-26,16219,Credit,ACC723,Uber,Electronics,Success
TXN0412,2024-01-06,50162,Credit,ACC275,Salary,Travel,Success
TXN0413,2024-03-27,95191,Credit,ACC151,Amazon,Income,Success
TXN0414,2024-03-23,15211,Credit,ACC710,Flipkart,Electronics,Failed
TXN0415,2024-02-19,67553,Debit,ACC760,Zara,Food,Success
TXN0416,2024-01-03,82446,Debit,ACC467,Salary,Income,Success
TXN0417,2024-02-21,73678,Credit,ACC927,Apple,Electronics,Failed
TXN0418,2024-01-06,3005,Credit,ACC830,Bonus,Shopping,Success
TXN0419,2024-01-05,28521,Debit,ACC759,Swiggy,Income,Success
TXN0420,2024-03-24,33863,Debit,ACC952,Bonus,Travel,Success
TXN0421,2024-01-04,84373,Debit,ACC428,Uber,Shopping,Failed
TXN0422,2024-03-05,89134,Credit,ACC294,Zara,Food,Failed
TXN0423,2024-03-20,24928,Credit,ACC148,Salary,Shopping,Success
TXN0424,2024-01-15,84100,Credit,ACC991,Bonus,Income,Failed
TXN0425,2024-02-08,5582,Credit,ACC839,Amazon,Electronics,Failed
TXN0426,2024-03-17,52307,Credit,ACC129,Uber,Shopping,Failed
TXN0427,2024-01-14,48217,Credit,ACC214,Uber,Income,Success
TXN0428,2024-03-25,3435,Debit,ACC393,Flipkart,Food,Failed
TXN0429,2024-01-12,50652,Credit,ACC567,Amazon,Income,Failed
TXN0430,2024-01-06,32328,Credit,ACC488,Amazon,Income,Failed
TXN0431,2024-01-02,73327,Credit,ACC810,Salary,Electronics,Success
TXN0432,2024-03-09,46723,Credit,ACC996,Flipkart,Travel,Success
TXN0433,2024-02-22,57591,Credit,ACC171,Apple,Travel,Success
TXN0434,2024-02-26,92974,Credit,ACC546,Swiggy,Shopping,Failed
TXN0435,2024-02-03,2549,Debit,ACC586,Bonus,Shopping,Success
TXN0436,2024-01-26,57534,Credit,ACC928,Swiggy,Electronics,Success
TXN0437,2024-03-08,53307,Debit,ACC951,Flipkart,Income,Failed
TXN0438,2024-03-23,5731,Debit,ACC684,Apple,Income,Success
TXN0439,2024-01-12,73704,Credit,ACC773,Amazon,Shopping,Success
TXN0440,2024-03-31,38552,Debit,ACC323,Walmart,Income,Success
TXN0441,2024-01-05,79837,Debit,ACC226,Apple,Electronics,Success
TXN0442,2024-03-05,92919,Credit,ACC502,Zara,Travel,Success
TXN0443,2024-03-10,97531,Credit,ACC173,Walmart,Electronics,Failed
TXN0444,2024-01-17,56630,Credit,ACC420,Salary,Travel,Success
TXN0445,2024-01-30,27012,Debit,ACC544,Nike,Travel,Success
TXN0446,2024-03-02,3724,Debit,ACC996,Apple,Travel,Success
TXN0447,2024-02-08,31099,Debit,ACC665,Walmart,Shopping,Success
TXN0448,2024-02-16,55880,Credit,ACC925,Uber,Travel,Success
TXN0449,2024-02-20,35056,Credit,ACC633,Amazon,Electronics,Failed
TXN0450,2024-02-22,43940,Debit,ACC136,Swiggy,Income,Failed
TXN0451,2024-01-30,12835,Credit,ACC501,Flipkart,Income,Success
TXN0452,2024-02-28,5605,Credit,ACC656,Swiggy,Electronics,Success
TXN0453,2024-03-07,40516,Credit,ACC884,Swiggy,Electronics,Success
TXN0454,2024-02-04,53155,Credit,ACC207,Zara,Travel,Success
TXN0455,2024-01-19,58098,Credit,ACC779,Swiggy,Shopping,Failed
TXN0456,2024-01-20,55400,Debit,ACC894,Walmart,Food,Success
TXN0457,2024-03-30,53220,Debit,ACC750,Swiggy,Shopping,Success
TXN0458,2024-03-18,61456,Debit,ACC539,Flipkart,Travel,Success
TXN0459,2024-01-04,25286,Credit,ACC337,Flipkart,Income,Failed
TXN0460,2024-02-01,38395,Debit,ACC371,Flipkart,Electronics,Success
TXN0461,2024-02-27,34680,Credit,ACC508,Uber,Travel,Failed
TXN0462,2024-03-12,50324,Credit,ACC276,Swiggy,Travel,Failed
TXN0463,2024-03-23,22112,Credit,ACC488,Bonus,Food,Success
TXN0464,2024-03-06,16364,Debit,ACC972,Zara,Electronics,Success
TXN0465,2024-02-07,85534,Debit,ACC957,Apple,Electronics,Success
TXN0466,2024-02-29,31991,Debit,ACC835,Uber,Electronics,Success
TXN0467,2024-01-02,41672,Credit,ACC300,Walmart,Food,Success
TXN0468,2024-02-14,18767,Debit,ACC759,Walmart,Electronics,Success
TXN0469,2024-01-16,50130,Debit,ACC727,Swiggy,Travel,Success
TXN0470,2024-03-01,4689,Debit,ACC772,Salary,Food,Success
TXN0471,2024-03-09,28247,Credit,ACC151,Swiggy,Shopping,Success
TXN0472,2024-03-18,69020,Credit,ACC317,Swiggy,Food,Success
TXN0473,2024-03-13,12979,Debit,ACC389,Bonus,Shopping,Success
TXN0474,2024-02-16,40506,Credit,ACC919,Amazon,Shopping,Success
TXN0475,2024-03-06,77798,Credit,ACC687,Apple,Electronics,Success
TXN0476,2024-01-14,53761,Debit,ACC405,Uber,Electronics,Success
TXN0477,2024-03-24,80312,Credit,ACC789,Flipkart,Travel,Success
TXN0478,2024-03-01,37995,Credit,ACC653,Zara,Travel,Success
TXN0479,2024-01-15,33275,Credit,ACC624,Bonus,Income,Success
TXN0480,2024-01-19,44471,Debit,ACC794,Nike,Income,Failed
TXN0481,2024-02-29,48899,Debit,ACC966,Uber,Electronics,Success
TXN0482,2024-01-09,18462,Credit,ACC766,Flipkart,Travel,Success
TXN0483,2024-03-09,36105,Debit,ACC522,Uber,Electronics,Success
TXN0484,2024-01-10,2769,Credit,ACC693,Zara,Electronics,Success
TXN0485,2024-01-03,47675,Debit,ACC381,Salary,Income,Success
TXN0486,2024-03-09,88253,Debit,ACC600,Apple,Electronics,Failed
TXN0487,2024-01-09,54590,Debit,ACC883,Amazon,Electronics,Failed
TXN0488,2024-01-28,17222,Credit,ACC104,Uber,Income,Success
TXN0489,2024-01-29,93444,Debit,ACC623,Flipkart,Shopping,Success
TXN0490,2024-03-10,74773,Credit,ACC112,Amazon,Food,Success
TXN0491,2024-01-18,34206,Credit,ACC346,Amazon,Electronics,Success
TXN0492,2024-01-31,96467,Debit,ACC596,Uber,Food,Success
TXN0493,2024-03-17,30053,Debit,ACC662,Flipkart,Electronics,Success
TXN0494,2024-02-02,65579,Debit,ACC656,Apple,Income,Success
TXN0495,2024-03-15,31524,Credit,ACC177,Nike,Travel,Success
TXN0496,2024-03-23,7205,Credit,ACC493,Walmart,Food,Success
TXN0497,2024-02-29,82557,Credit,ACC410,Bonus,Shopping,Success
TXN0498,2024-02-19,31650,Credit,ACC686,Salary,Income,Success
TXN0499,2024-03-26,58924,Credit,ACC260,Uber,Income,Success
TXN0500,2024-01-05,58330,Debit,ACC916,Swiggy,Shopping,Failed
TXN0501,2024-02-16,92964,Credit,ACC132,Walmart,Shopping,Success
TXN0502,2024-03-24,7052,Credit,ACC448,Swiggy,Food,Failed
TXN0503,2024-01-22,32822,Credit,ACC182,Swiggy,Shopping,Failed
TXN0504,2024-01-26,66081,Debit,ACC636,Uber,Travel,Failed
TXN0505,2024-01-19,45643,Debit,ACC747,Nike,Travel,Success
TXN0506,2024-01-12,57152,Credit,ACC252,Salary,Shopping,Success
TXN0507,2024-01-14,31454,Credit,ACC976,Nike,Electronics,Failed
TXN0508,2024-01-13,4879,Credit,ACC521,Uber,Shopping,Failed
TXN0509,2024-03-13,8461,Credit,ACC603,Salary,Shopping,Success
TXN0510,2024-02-02,34532,Credit,ACC721,Walmart,Electronics,Success
TXN0511,2024-03-07,60537,Debit,ACC189,Bonus,Shopping,Success
TXN0512,2024-01-31,25426,Debit,ACC462,Zara,Travel,Success
TXN0513,2024-03-18,39906,Debit,ACC680,Swiggy,Income,Failed
TXN0514,2024-01-26,86241,Debit,ACC176,Zara,Shopping,Success
TXN0515,2024-03-03,77953,Debit,ACC752,Amazon,Income,Success
TXN0516,2024-03-19,74693,Debit,ACC758,Flipkart,Electronics,Failed
TXN0517,2024-01-21,38878,Debit,ACC531,Uber,Income,Success
TXN0518,2024-02-04,37313,Debit,ACC495,Bonus,Shopping,Success
TXN0519,2024-03-22,40339,Debit,ACC598,Salary,Shopping,Success
TXN0520,2024-03-27,30019,Credit,ACC992,Nike,Electronics,Success
TXN0521,2024-01-27,61704,Credit,ACC521,Uber,Travel,Failed
TXN0522,2024-01-01,58042,Credit,ACC191,Flipkart,Food,Success
TXN0523,2024-03-09,76606,Credit,ACC388,Zara,Electronics,Failed
TXN0524,2024-02-16,91227,Credit,ACC128,Flipkart,Shopping,Success
TXN0525,2024-03-29,14401,Credit,ACC973,Salary,Income,Success
TXN0526,2024-01-24,31776,Credit,ACC587,Uber,Food,Success
TXN0527,2024-02-10,23818,Debit,ACC540,Zara,Food,Success
TXN0528,2024-01-21,58973,Debit,ACC482,Bonus,Food,Success
TXN0529,2024-02-24,9308,Debit,ACC165,Amazon,Income,Success
TXN0530,2024-03-17,50887,Debit,ACC717,Swiggy,Electronics,Success
TXN0531,2024-01-26,60001,Debit,ACC236,Bonus,Travel,Success
TXN0532,2024-02-08,11730,Debit,ACC785,Bonus,Shopping,Success
TXN0533,2024-01-25,78873,Debit,ACC721,Apple,Food,Success
TXN0534,2024-01-03,33031,Credit,ACC888,Apple,Electronics,Success
TXN0535,2024-02-22,74881,Credit,ACC497,Nike,Electronics,Success
TXN0536,2024-03-31,3107,Credit,ACC911,Swiggy,Food,Success
TXN0537,2024-02-08,72777,Credit,ACC921,Swiggy,Income,Success
TXN0538,2024-03-20,98488,Debit,ACC864,Bonus,Food,Success
TXN0539,2024-02-27,98593,Credit,ACC486,Salary,Shopping,Success
TXN0540,2024-03-31,74816,Credit,ACC177,Walmart,Travel,Success
TXN0541,2024-02-27,59540,Debit,ACC414,Salary,Income,Success
TXN0542,2024-03-20,91375,Debit,ACC646,Swiggy,Income,Success
TXN0543,2024-03-18,16167,Credit,ACC760,Amazon,Electronics,Success
TXN0544,2024-02-07,71761,Debit,ACC148,Apple,Electronics,Success
TXN0545,2024-02-14,67621,Credit,ACC513,Apple,Income,Success
TXN0546,2024-01-05,88337,Debit,ACC793,Swiggy,Income,Success
TXN0547,2024-02-06,94687,Debit,ACC273,Zara,Electronics,Success
TXN0548,2024-02-20,38513,Credit,ACC674,Uber,Shopping,Success
TXN0549,2024-03-31,92928,Debit,ACC234,Zara,Electronics,Success
TXN0550,2024-01-18,97566,Credit,ACC770,Flipkart,Shopping,Failed
TXN0551,2024-03-13,30407,Debit,ACC468,Zara,Travel,Success
TXN0552,2024-03-14,43215,Debit,ACC383,Amazon,Shopping,Success
TXN0553,2024-02-14,41865,Credit,ACC491,Flipkart,Travel,Success
TXN0554,2024-01-15,52369,Credit,ACC920,Zara,Food,Failed
TXN0555,2024-02-11,55092,Credit,ACC138,Walmart,Electronics,Success
TXN0556,2024-03-03,75679,Debit,ACC896,Bonus,Electronics,Success
TXN0557,2024-02-14,12520,Debit,ACC674,Walmart,Income,Success
TXN0558,2024-02-01,20380,Credit,ACC476,Flipkart,Food,Failed
TXN0559,2024-02-11,60218,Debit,ACC829,Bonus,Food,Success
TXN0560,2024-01-06,71677,Credit,ACC938,Amazon,Shopping,Failed
TXN0561,2024-02-14,2465,Credit,ACC255,Amazon,Shopping,Success
TXN0562,2024-02-20,90846,Debit,ACC239,Nike,Electronics,Success
TXN0563,2024-02-13,75667,Debit,ACC518,Walmart,Electronics,Success
TXN0564,2024-02-08,8508,Debit,ACC322,Uber,Income,Success
TXN0565,2024-03-15,51907,Credit,ACC930,Salary,Income,Success
TXN0566,2024-02-08,31607,Debit,ACC110,Apple,Electronics,Failed
TXN0567,2024-01-28,7017,Debit,ACC566,Apple,Food,Success
TXN0568,2024-01-15,98829,Credit,ACC939,Uber,Food,Success
TXN0569,2024-02-09,63484,Credit,ACC132,Uber,Travel,Success
TXN0570,2024-02-08,13620,Credit,ACC593,Uber,Food,Success
TXN0571,2024-03-21,21065,Debit,ACC589,Flipkart,Electronics,Success
TXN0572,2024-01-26,55041,Credit,ACC143,Zara,Travel,Success
TXN0573,2024-01-06,53147,Debit,ACC305,Amazon,Electronics,Success
TXN0574,2024-01-24,14622,Debit,ACC175,Swiggy,Travel,Failed
TXN0575,2024-02-08,96680,Debit,ACC902,Swiggy,Food,Success
TXN0576,2024-01-17,91725,Debit,ACC424,Nike,Income,Success
TXN0577,2024-02-03,51177,Credit,ACC859,Swiggy,Income,Failed
TXN0578,2024-01-19,28174,Debit,ACC697,Apple,Travel,Failed
TXN0579,2024-02-18,54680,Debit,ACC305,Uber,Food,Failed
TXN0580,2024-02-01,95347,Credit,ACC843,Swiggy,Income,Success
TXN0581,2024-02-28,1269,Debit,ACC400,Salary,Shopping,Success
TXN0582,2024-01-03,37664,Credit,ACC334,Apple,Food,Success
TXN0583,2024-02-10,25561,Credit,ACC135,Amazon,Food,Success
TXN0584,2024-01-12,16407,Credit,ACC388,Walmart,Travel,Success
TXN0585,2024-03-13,85316,Credit,ACC561,Walmart,Food,Success
TXN0586,2024-02-21,93372,Credit,ACC338,Zara,Travel,Success
TXN0587,2024-03-01,58563,Debit,ACC897,Zara,Travel,Success
TXN0588,2024-01-04,53124,Debit,ACC683,Uber,Travel,Failed
TXN0589,2024-03-07,79844,Debit,ACC554,Flipkart,Income,Success
TXN0590,2024-02-04,79911,Debit,ACC211,Walmart,Income,Success
TXN0591,2024-02-18,47469,Debit,ACC970,Flipkart,Travel,Success
TXN0592,2024-02-22,36444,Debit,ACC316,Swiggy,Travel,Success
TXN0593,2024-03-05,25749,Debit,ACC364,Flipkart,Travel,Success
TXN0594,2024-02-17,44677,Debit,ACC162,Apple,Food,Success
TXN0595,2024-01-13,21496,Debit,ACC314,Nike,Electronics,Success
TXN0596,2024-03-22,36969,Debit,ACC232,Amazon,Income,Success
TXN0597,2024-02-15,10910,Debit,ACC348,Flipkart,Food,Success
TXN0598,2024-02-05,25858,Credit,ACC282,Salary,Income,Failed
TXN0599,2024-02-19,78002,Credit,ACC784,Walmart,Income,Success
TXN0600,2024-03-11,61071,Debit,ACC518,Flipkart,Travel,Success
TXN0601,2024-03-19,86358,Credit,ACC899,Flipkart,Shopping,Success
TXN0602,2024-02-01,70569,Credit,ACC574,Apple,Income,Failed
TXN0603,2024-03-08,66046,Credit,ACC797,Swiggy,Electronics,Success
TXN0604,2024-03-17,53938,Debit,ACC767,Uber,Electronics,Success
TXN0605,2024-02-09,71957,Debit,ACC514,Uber,Income,Success
TXN0606,2024-01-15,20539,Debit,ACC706,Amazon,Income,Success
TXN0607,2024-03-23,7529,Credit,ACC544,Uber,Food,Success
TXN0608,2024-02-28,25732,Debit,ACC737,Walmart,Travel,Success
TXN0609,2024-02-29,49131,Credit,ACC803,Walmart,Food,Failed
TXN0610,2024-01-07,98489,Credit,ACC939,Flipkart,Electronics,Success
TXN0611,2024-03-13,9996,Credit,ACC525,Flipkart,Electronics,Success
TXN0612,2024-02-14,3394,Debit,ACC322,Apple,Shopping,Success
TXN0613,2024-02-21,14957,Credit,ACC816,Uber,Electronics,Success
TXN0614,2024-03-10,86420,Credit,ACC785,Salary,Income,Success
TXN0615,2024-02-06,5123,Debit,ACC492,Bonus,Travel,Failed
TXN0616,2024-03-13,69000,Credit,ACC548,Salary,Shopping,Success
TXN0617,2024-02-08,20509,Credit,ACC645,Walmart,Travel,Success
TXN0618,2024-02-08,45909,Debit,ACC331,Uber,Travel,Failed
TXN0619,2024-03-20,95429,Debit,ACC120,Salary,Food,Failed
TXN0620,2024-01-09,69228,Credit,ACC675,Swiggy,Income,Success
TXN0621,2024-02-03,6648,Debit,ACC496,Salary,Shopping,Failed
TXN0622,2024-01-12,84061,Credit,ACC746,Flipkart,Food,Success
TXN0623,2024-01-25,36383,Debit,ACC308,Swiggy,Electronics,Success
TXN0624,2024-02-16,5866,Credit,ACC145,Nike,Food,Success
TXN0625,2024-02-24,17226,Credit,ACC348,Amazon,Income,Failed
TXN0626,2024-01-19,22481,Debit,ACC183,Swiggy,Income,Failed
TXN0627,2024-03-02,55306,Credit,ACC297,Zara,Electronics,Success
TXN0628,2024-02-26,76470,Debit,ACC336,Salary,Shopping,Success
TXN0629,2024-03-03,16243,Debit,ACC994,Uber,Shopping,Failed
TXN0630,2024-01-10,68812,Credit,ACC349,Zara,Electronics,Success
TXN0631,2024-03-27,9919,Debit,ACC758,Apple,Shopping,Success
TXN0632,2024-02-20,3958,Credit,ACC737,Apple,Food,Success
TXN0633,2024-03-20,12302,Debit,ACC935,Salary,Food,Failed
TXN0634,2024-01-20,95650,Credit,ACC379,Nike,Food,Success
TXN0635,2024-03-03,31867,Debit,ACC890,Nike,Travel,Success
TXN0636,2024-01-23,71910,Credit,ACC380,Flipkart,Food,Success
TXN0637,2024-03-09,41202,Debit,ACC229,Uber,Travel,Success
TXN0638,2024-03-22,70089,Debit,ACC548,Amazon,Income,Failed
TXN0639,2024-02-10,3470,Credit,ACC236,Nike,Travel,Success
TXN0640,2024-02-08,84522,Credit,ACC756,Apple,Electronics,Success
TXN0641,2024-01-20,35636,Debit,ACC433,Amazon,Electronics,Failed
TXN0642,2024-02-02,48691,Debit,ACC645,Amazon,Electronics,Success
TXN0643,2024-01-28,24127,Credit,ACC922,Flipkart,Travel,Failed
TXN0644,2024-02-14,71357,Debit,ACC535,Uber,Electronics,Success
TXN0645,2024-01-13,49931,Credit,ACC480,Nike,Shopping,Failed
TXN0646,2024-02-23,28176,Debit,ACC935,Apple,Electronics,Success
TXN0647,2024-01-24,66163,Debit,ACC606,Salary,Electronics,Success
TXN0648,2024-01-30,34232,Debit,ACC483,Nike,Travel,Success
TXN0649,2024-02-01,20821,Debit,ACC610,Flipkart,Income,Success
TXN0650,2024-01-29,19828,Debit,ACC521,Amazon,Travel,Success
TXN0651,2024-03-04,44388,Debit,ACC976,Apple,Income,Success
TXN0652,2024-01-07,93878,Credit,ACC139,Swiggy,Shopping,Success
TXN0653,2024-02-15,89953,Credit,ACC609,Nike,Food,Success
TXN0654,2024-03-28,96543,Credit,ACC825,Apple,Shopping,Success
TXN0655,2024-01-18,68732,Credit,ACC537,Apple,Income,Failed
TXN0656,2024-01-01,81117,Credit,ACC874,Flipkart,Shopping,Success
TXN0657,2024-03-06,71945,Credit,ACC611,Salary,Shopping,Success
TXN0658,2024-03-01,82402,Credit,ACC491,Bonus,Electronics,Success
TXN0659,2024-01-16,20977,Debit,ACC717,Flipkart,Income,Success
TXN0660,2024-02-06,22720,Debit,ACC565,Flipkart,Income,Failed
TXN0661,2024-01-17,73330,Credit,ACC250,Bonus,Travel,Success
TXN0662,2024-01-09,89835,Credit,ACC523,Zara,Shopping,Success
TXN0663,2024-03-16,48356,Credit,ACC991,Swiggy,Electronics,Success
TXN0664,2024-01-21,41954,Debit,ACC648,Zara,Shopping,Success
TXN0665,2024-02-02,1777,Debit,ACC836,Swiggy,Travel,Success
TXN0666,2024-03-08,92544,Credit,ACC128,Apple,Income,Success
TXN0667,2024-03-09,97637,Debit,ACC996,Flipkart,Electronics,Success
TXN0668,2024-01-31,24035,Credit,ACC870,Salary,Shopping,Success
TXN0669,2024-03-02,39088,Credit,ACC995,Apple,Electronics,Success
TXN0670,2024-01-28,86933,Debit,ACC512,Salary,Income,Failed
TXN0671,2024-02-12,8075,Credit,ACC705,Uber,Food,Success
TXN0672,2024-01-27,45074,Credit,ACC747,Zara,Income,Success
TXN0673,2024-01-19,1121,Credit,ACC866,Flipkart,Travel,Failed
TXN0674,2024-01-11,46202,Credit,ACC565,Bonus,Travel,Success
TXN0675,2024-02-26,97360,Credit,ACC820,Flipkart,Shopping,Success
TXN0676,2024-03-15,68204,Credit,ACC158,Walmart,Electronics,Success
TXN0677,2024-03-20,76545,Debit,ACC226,Zara,Shopping,Success
TXN0678,2024-03-20,5524,Debit,ACC994,Uber,Income,Success
TXN0679,2024-03-18,19924,Debit,ACC263,Walmart,Travel,Success
TXN0680,2024-01-07,93350,Debit,ACC456,Bonus,Electronics,Success
TXN0681,2024-03-30,2529,Debit,ACC433,Salary,Travel,Success
TXN0682,2024-01-30,13620,Credit,ACC376,Flipkart,Electronics,Success
TXN0683,2024-03-20,13739,Debit,ACC993,Flipkart,Income,Success
TXN0684,2024-03-24,95685,Debit,ACC709,Amazon,Food,Success
TXN0685,2024-01-01,75287,Debit,ACC400,Swiggy,Food,Success
TXN0686,2024-01-03,49047,Credit,ACC923,Nike,Food,Success
TXN0687,2024-02-17,42701,Debit,ACC653,Bonus,Food,Failed
TXN0688,2024-02-21,28638,Credit,ACC447,Uber,Shopping,Success
TXN0689,2024-01-07,2505,Credit,ACC303,Nike,Travel,Success
TXN0690,2024-01-17,3973,Debit,ACC825,Flipkart,Shopping,Success
TXN0691,2024-01-21,10858,Debit,ACC175,Swiggy,Shopping,Success
TXN0692,2024-02-24,66611,Debit,ACC189,Bonus,Shopping,Success
TXN0693,2024-01-22,5146,Debit,ACC162,Salary,Income,Success
TXN0694,2024-01-01,84026,Credit,ACC529,Bonus,Shopping,Success
TXN0695,2024-01-31,10619,Credit,ACC984,Zara,Income,Success
TXN0696,2024-02-07,49787,Debit,ACC797,Flipkart,Income,Success
TXN0697,2024-02-21,56553,Debit,ACC863,Bonus,Food,Success
TXN0698,2024-01-31,32179,Credit,ACC134,Walmart,Food,Success
TXN0699,2024-03-30,60470,Debit,ACC310,Nike,Travel,Success
TXN0700,2024-02-12,31505,Credit,ACC443,Walmart,Travel,Failed
TXN0701,2024-03-24,43852,Debit,ACC852,Salary,Travel,Failed
TXN0702,2024-01-21,34414,Debit,ACC369,Bonus,Travel,Success
TXN0703,2024-01-21,46888,Debit,ACC115,Apple,Travel,Success
TXN0704,2024-03-22,23774,Credit,ACC832,Zara,Food,Success
TXN0705,2024-02-07,82968,Debit,ACC401,Amazon,Electronics,Success
TXN0706,2024-01-26,4674,Debit,ACC543,Bonus,Income,Success
TXN0707,2024-03-12,53311,Debit,ACC590,Apple,Electronics,Success
TXN0708,2024-03-19,27545,Credit,ACC900,Apple,Travel,Success
TXN0709,2024-03-23,39473,Debit,ACC695,Walmart,Income,Success
TXN0710,2024-03-16,89050,Credit,ACC292,Swiggy,Shopping,Success
TXN0711,2024-03-01,6648,Debit,ACC366,Zara,Electronics,Success
TXN0712,2024-02-22,42902,Credit,ACC582,Zara,Electronics,Success
TXN0713,2024-03-17,91579,Debit,ACC238,Bonus,Shopping,Failed
TXN0714,2024-02-05,63834,Credit,ACC799,Swiggy,Food,Success
TXN0715,2024-01-03,31747,Credit,ACC154,Flipkart,Travel,Failed
TXN0716,2024-03-16,30563,Debit,ACC792,Amazon,Income,Success
TXN0717,2024-01-16,50511,Debit,ACC884,Bonus,Food,Failed
TXN0718,2024-02-25,25369,Credit,ACC467,Salary,Electronics,Success
TXN0719,2024-02-20,66988,Credit,ACC443,Apple,Food,Success
TXN0720,2024-02-10,25682,Debit,ACC879,Swiggy,Income,Success
TXN0721,2024-01-11,6731,Credit,ACC857,Amazon,Income,Success
TXN0722,2024-01-14,38530,Debit,ACC397,Bonus,Income,Success
TXN0723,2024-03-13,28600,Debit,ACC570,Flipkart,Income,Success
TXN0724,2024-01-15,67541,Credit,ACC917,Walmart,Food,Success
TXN0725,2024-03-31,3904,Debit,ACC865,Amazon,Travel,Success
TXN0726,2024-03-24,53714,Credit,ACC110,Walmart,Income,Success
TXN0727,2024-02-29,23617,Credit,ACC271,Amazon,Electronics,Success
TXN0728,2024-03-05,97492,Credit,ACC879,Salary,Travel,Success
TXN0729,2024-01-22,88061,Credit,ACC259,Walmart,Travel,Failed
TXN0730,2024-01-21,14174,Credit,ACC423,Uber,Income,Success
TXN0731,2024-01-12,66613,Credit,ACC314,Amazon,Travel,Success
TXN0732,2024-03-24,69151,Debit,ACC912,Flipkart,Income,Success
TXN0733,2024-02-16,73299,Debit,ACC367,Nike,Shopping,Success
TXN0734,2024-02-20,66461,Credit,ACC405,Nike,Income,Success
TXN0735,2024-01-15,69692,Debit,ACC625,Salary,Shopping,Success
TXN0736,2024-01-26,54497,Credit,ACC411,Swiggy,Food,Failed
TXN0737,2024-01-01,27581,Credit,ACC460,Uber,Shopping,Success
TXN0738,2024-03-28,52784,Credit,ACC406,Nike,Food,Success
TXN0739,2024-02-22,97503,Debit,ACC869,Nike,Food,Success
TXN0740,2024-03-05,93930,Debit,ACC844,Flipkart,Electronics,Success
TXN0741,2024-01-28,94027,Credit,ACC358,Walmart,Travel,Success
TXN0742,2024-01-18,75266,Credit,ACC538,Swiggy,Electronics,Success
TXN0743,2024-03-11,85781,Debit,ACC562,Zara,Electronics,Success
TXN0744,2024-01-28,11544,Credit,ACC854,Amazon,Food,Success
TXN0745,2024-01-31,38497,Debit,ACC330,Zara,Income,Success
TXN0746,2024-02-24,84256,Credit,ACC802,Apple,Electronics,Failed
TXN0747,2024-03-12,83935,Credit,ACC708,Walmart,Income,Success
TXN0748,2024-02-19,99378,Debit,ACC328,Bonus,Income,Success
TXN0749,2024-02-01,28257,Credit,ACC914,Bonus,Food,Failed
TXN0750,2024-03-12,86032,Credit,ACC923,Walmart,Food,Success
TXN0751,2024-03-01,50575,Credit,ACC443,Bonus,Travel,Success
TXN0752,2024-03-12,58546,Debit,ACC501,Bonus,Shopping,Success
TXN0753,2024-02-21,99966,Credit,ACC216,Nike,Electronics,Success
TXN0754,2024-01-05,61446,Credit,ACC383,Walmart,Food,Failed
TXN0755,2024-01-02,1875,Credit,ACC852,Amazon,Income,Success
TXN0756,2024-01-11,9619,Debit,ACC865,Apple,Income,Success
TXN0757,2024-01-09,24614,Credit,ACC246,Uber,Income,Success
TXN0758,2024-03-17,21780,Credit,ACC229,Walmart,Shopping,Success
TXN0759,2024-03-17,6706,Credit,ACC515,Zara,Travel,Success
TXN0760,2024-02-23,98518,Debit,ACC556,Swiggy,Shopping,Success
TXN0761,2024-01-12,26877,Debit,ACC764,Nike,Shopping,Success
TXN0762,2024-03-19,64106,Debit,ACC838,Salary,Food,Success
TXN0763,2024-03-29,75044,Debit,ACC513,Zara,Shopping,Success
TXN0764,2024-03-14,18314,Credit,ACC656,Nike,Electronics,Success
TXN0765,2024-01-16,42606,Credit,ACC531,Salary,Travel,Success
TXN0766,2024-01-05,24952,Credit,ACC281,Bonus,Food,Success
TXN0767,2024-03-10,79512,Debit,ACC680,Flipkart,Food,Success
TXN0768,2024-01-03,69295,Debit,ACC256,Flipkart,Shopping,Success
TXN0769,2024-03-03,17330,Credit,ACC398,Walmart,Electronics,Success
TXN0770,2024-01-09,74369,Credit,ACC371,Flipkart,Income,Success
TXN0771,2024-03-08,98518,Debit,ACC618,Bonus,Shopping,Success
TXN0772,2024-02-11,8166,Debit,ACC368,Uber,Electronics,Success
TXN0773,2024-02-17,17097,Credit,ACC519,Salary,Electronics,Success
TXN0774,2024-03-07,275,Debit,ACC261,Amazon,Shopping,Success
TXN0775,2024-03-27,71573,Debit,ACC319,Flipkart,Travel,Success
TXN0776,2024-02-19,56155,Credit,ACC573,Swiggy,Travel,Failed
TXN0777,2024-01-08,23282,Credit,ACC573,Zara,Food,Success
TXN0778,2024-02-20,29828,Debit,ACC415,Flipkart,Income,Success
TXN0779,2024-03-20,44341,Debit,ACC434,Bonus,Income,Success
TXN0780,2024-02-04,78780,Credit,ACC827,Zara,Food,Failed
TXN0781,2024-01-08,74910,Debit,ACC350,Nike,Income,Success
TXN0782,2024-03-03,5259,Debit,ACC846,Amazon,Travel,Success
TXN0783,2024-02-27,29094,Credit,ACC856,Flipkart,Shopping,Success
TXN0784,2024-03-07,88496,Debit,ACC288,Bonus,Food,Success
TXN0785,2024-01-13,91822,Debit,ACC140,Nike,Income,Success
TXN0786,2024-03-15,61008,Debit,ACC825,Uber,Shopping,Success
TXN0787,2024-02-09,40924,Credit,ACC624,Flipkart,Income,Failed
TXN0788,2024-03-30,30935,Credit,ACC853,Nike,Shopping,Success
TXN0789,2024-01-03,37259,Debit,ACC678,Swiggy,Shopping,Success
TXN0790,2024-01-19,59827,Debit,ACC812,Bonus,Electronics,Success
TXN0791,2024-01-24,54888,Credit,ACC660,Nike,Income,Success
TXN0792,2024-02-07,24286,Credit,ACC166,Zara,Food,Success
TXN0793,2024-03-21,61908,Credit,ACC857,Flipkart,Travel,Success
TXN0794,2024-03-30,95970,Credit,ACC851,Salary,Electronics,Failed
TXN0795,2024-01-28,94366,Credit,ACC774,Apple,Income,Success
TXN0796,2024-03-26,54070,Credit,ACC418,Amazon,Shopping,Success
TXN0797,2024-01-28,54635,Credit,ACC542,Swiggy,Electronics,Success
TXN0798,2024-01-07,81799,Debit,ACC762,Amazon,Shopping,Success
TXN0799,2024-01-28,90672,Credit,ACC300,Bonus,Electronics,Success
TXN0800,2024-03-02,84772,Debit,ACC870,Apple,Food,Success
TXN0801,2024-03-06,40033,Credit,ACC431,Salary,Shopping,Success
TXN0802,2024-02-22,79030,Credit,ACC996,Bonus,Income,Success
TXN0803,2024-03-27,88191,Credit,ACC530,Apple,Travel,Success
TXN0804,2024-01-04,89991,Credit,ACC850,Amazon,Shopping,Success
TXN0805,2024-02-20,3247,Debit,ACC667,Apple,Travel,Success
TXN0806,2024-03-25,64173,Debit,ACC352,Apple,Travel,Success
TXN0807,2024-01-31,5275,Credit,ACC145,Apple,Income,Success
TXN0808,2024-02-20,57720,Credit,ACC336,Flipkart,Shopping,Success
TXN0809,2024-01-27,54435,Credit,ACC174,Apple,Travel,Success
TXN0810,2024-02-06,86293,Debit,ACC858,Walmart,Income,Success
TXN0811,2024-01-22,63376,Credit,ACC865,Flipkart,Food,Failed
TXN0812,2024-03-07,21882,Credit,ACC190,Amazon,Electronics,Success
TXN0813,2024-01-05,6055,Credit,ACC451,Apple,Income,Success
TXN0814,2024-02-29,88447,Debit,ACC133,Swiggy,Income,Success
TXN0815,2024-01-01,96382,Credit,ACC633,Bonus,Shopping,Failed
TXN0816,2024-02-01,84386,Debit,ACC202,Zara,Shopping,Success
TXN0817,2024-02-17,94492,Debit,ACC520,Uber,Food,Success
TXN0818,2024-02-06,60032,Credit,ACC953,Apple,Income,Success
TXN0819,2024-01-14,86274,Debit,ACC151,Apple,Income,Success
TXN0820,2024-03-03,33425,Debit,ACC813,Nike,Shopping,Success
TXN0821,2024-02-01,12035,Credit,ACC710,Amazon,Food,Success
TXN0822,2024-02-01,88346,Debit,ACC788,Zara,Travel,Failed
TXN0823,2024-02-01,24286,Credit,ACC979,Swiggy,Food,Success
TXN0824,2024-02-21,76415,Debit,ACC668,Zara,Travel,Success
TXN0825,2024-03-29,46462,Debit,ACC157,Salary,Income,Success
TXN0826,2024-03-27,8170,Debit,ACC737,Flipkart,Travel,Success
TXN0827,2024-03-21,73911,Debit,ACC803,Bonus,Electronics,Success
TXN0828,2024-01-10,30350,Credit,ACC267,Salary,Income,Success
TXN0829,2024-01-03,65289,Credit,ACC736,Uber,Electronics,Failed
TXN0830,2024-01-27,94246,Credit,ACC768,Bonus,Electronics,Failed
TXN0831,2024-01-24,49361,Debit,ACC852,Uber,Income,Success
TXN0832,2024-02-28,17823,Debit,ACC575,Apple,Food,Success
TXN0833,2024-01-27,86641,Debit,ACC215,Nike,Shopping,Success
TXN0834,2024-03-01,993,Debit,ACC857,Amazon,Food,Success
TXN0835,2024-02-15,6309,Credit,ACC956,Bonus,Electronics,Success
TXN0836,2024-02-20,66379,Debit,ACC584,Uber,Travel,Success
TXN0837,2024-03-01,35908,Debit,ACC661,Nike,Travel,Success
TXN0838,2024-01-08,1237,Debit,ACC704,Zara,Travel,Success
TXN0839,2024-01-02,17160,Debit,ACC824,Flipkart,Electronics,Success
TXN0840,2024-03-19,16444,Credit,ACC928,Apple,Income,Success
TXN0841,2024-01-25,90034,Debit,ACC689,Flipkart,Travel,Success
TXN0842,2024-01-07,68158,Debit,ACC175,Bonus,Travel,Success
TXN0843,2024-02-08,45494,Credit,ACC133,Amazon,Income,Success
TXN0844,2024-02-07,6906,Credit,ACC552,Amazon,Electronics,Success
TXN0845,2024-03-15,67037,Debit,ACC706,Flipkart,Income,Success
TXN0846,2024-01-25,67620,Debit,ACC544,Salary,Electronics,Success
TXN0847,2024-01-01,86265,Debit,ACC914,Salary,Electronics,Failed
TXN0848,2024-03-14,30577,Credit,ACC236,Swiggy,Electronics,Success
TXN0849,2024-03-09,87405,Debit,ACC387,Bonus,Income,Success
TXN0850,2024-01-14,16236,Credit,ACC534,Flipkart,Food,Success
TXN0851,2024-01-14,96392,Debit,ACC629,Zara,Shopping,Success
TXN0852,2024-01-03,48394,Credit,ACC334,Walmart,Shopping,Failed
TXN0853,2024-02-13,20796,Credit,ACC102,Swiggy,Travel,Success
TXN0854,2024-02-10,64296,Debit,ACC618,Salary,Electronics,Failed
TXN0855,2024-02-09,46745,Credit,ACC758,Flipkart,Food,Failed
TXN0856,2024-02-14,43043,Debit,ACC166,Amazon,Income,Success
TXN0857,2024-02-07,4466,Credit,ACC585,Flipkart,Electronics,Success
TXN0858,2024-01-27,88076,Debit,ACC445,Apple,Electronics,Success
TXN0859,2024-01-08,72522,Debit,ACC798,Nike,Electronics,Success
TXN0860,2024-01-06,64326,Debit,ACC366,Uber,Food,Success
TXN0861,2024-01-27,31509,Debit,ACC251,Uber,Electronics,Success
TXN0862,2024-03-11,85280,Debit,ACC795,Nike,Income,Success
TXN0863,2024-01-12,20045,Debit,ACC549,Nike,Travel,Success
TXN0864,2024-02-14,93421,Credit,ACC662,Amazon,Shopping,Success
TXN0865,2024-03-29,67487,Credit,ACC863,Swiggy,Food,Failed
TXN0866,2024-02-19,17386,Credit,ACC981,Uber,Income,Failed
TXN0867,2024-01-10,65129,Credit,ACC512,Zara,Electronics,Success
TXN0868,2024-01-12,30894,Credit,ACC791,Salary,Electronics,Success
TXN0869,2024-02-17,62367,Credit,ACC125,Nike,Electronics,Failed
TXN0870,2024-01-25,63644,Credit,ACC175,Flipkart,Food,Success
TXN0871,2024-03-01,95067,Debit,ACC382,Nike,Travel,Success
TXN0872,2024-01-19,98064,Credit,ACC722,Uber,Shopping,Success
TXN0873,2024-02-18,34675,Credit,ACC396,Zara,Food,Success
TXN0874,2024-03-18,35909,Credit,ACC122,Uber,Shopping,Success
TXN0875,2024-03-15,82234,Credit,ACC648,Amazon,Income,Success
TXN0876,2024-01-18,2104,Debit,ACC820,Zara,Income,Success
TXN0877,2024-03-17,89194,Debit,ACC668,Bonus,Electronics,Failed
TXN0878,2024-01-31,87349,Debit,ACC389,Nike,Electronics,Failed
TXN0879,2024-03-26,52493,Credit,ACC413,Apple,Income,Success
TXN0880,2024-03-21,6207,Debit,ACC858,Flipkart,Electronics,Success
TXN0881,2024-03-21,16984,Debit,ACC470,Walmart,Food,Failed
TXN0882,2024-02-03,1067,Debit,ACC704,Swiggy,Electronics,Success
TXN0883,2024-03-03,90857,Debit,ACC703,Zara,Travel,Success
TXN0884,2024-01-15,39483,Debit,ACC943,Apple,Food,Success
TXN0885,2024-02-25,66892,Debit,ACC673,Walmart,Income,Success
TXN0886,2024-01-30,98155,Credit,ACC189,Zara,Travel,Success
TXN0887,2024-03-14,46732,Debit,ACC650,Bonus,Income,Success
TXN0888,2024-03-08,25405,Debit,ACC186,Bonus,Electronics,Success
TXN0889,2024-02-06,74668,Debit,ACC398,Uber,Electronics,Success
TXN0890,2024-03-26,31512,Credit,ACC179,Bonus,Income,Success
TXN0891,2024-03-03,72753,Debit,ACC995,Walmart,Shopping,Success
TXN0892,2024-03-30,54499,Debit,ACC163,Bonus,Electronics,Success
TXN0893,2024-01-11,72534,Debit,ACC829,Bonus,Travel,Success
TXN0894,2024-03-07,13444,Credit,ACC335,Walmart,Electronics,Success
TXN0895,2024-03-22,47928,Credit,ACC260,Bonus,Shopping,Success
TXN0896,2024-01-06,54842,Credit,ACC884,Swiggy,Income,Failed
TXN0897,2024-01-18,46867,Debit,ACC808,Apple,Income,Failed
TXN0898,2024-03-14,4998,Credit,ACC972,Flipkart,Food,Success
TXN0899,2024-03-01,91644,Debit,ACC568,Swiggy,Income,Success
TXN0900,2024-02-10,77797,Debit,ACC587,Salary,Food,Success
TXN0901,2024-01-31,78706,Credit,ACC945,Walmart,Electronics,Success
TXN0902,2024-01-16,87129,Credit,ACC154,Walmart,Shopping,Success
TXN0903,2024-02-02,43319,Debit,ACC871,Flipkart,Income,Success
TXN0904,2024-01-09,53253,Debit,ACC728,Zara,Travel,Failed
TXN0905,2024-03-10,73914,Debit,ACC864,Walmart,Shopping,Failed
TXN0906,2024-02-13,66309,Credit,ACC638,Bonus,Food,Success
TXN0907,2024-03-21,16280,Credit,ACC848,Swiggy,Income,Success
TXN0908,2024-03-12,36763,Credit,ACC126,Salary,Shopping,Success
TXN0909,2024-02-17,75012,Debit,ACC634,Uber,Income,Success
TXN0910,2024-03-03,65733,Debit,ACC703,Zara,Shopping,Success
TXN0911,2024-02-26,53172,Credit,ACC753,Swiggy,Electronics,Success
TXN0912,2024-01-20,22425,Debit,ACC810,Walmart,Electronics,Success
TXN0913,2024-02-25,40865,Debit,ACC525,Nike,Travel,Success
TXN0914,2024-03-19,22981,Debit,ACC976,Salary,Income,Success
TXN0915,2024-01-28,12645,Credit,ACC372,Walmart,Shopping,Failed
TXN0916,2024-01-21,43745,Credit,ACC717,Swiggy,Electronics,Failed
TXN0917,2024-01-16,52167,Debit,ACC946,Flipkart,Shopping,Failed
TXN0918,2024-03-04,15148,Credit,ACC677,Nike,Income,Failed
TXN0919,2024-02-06,50938,Debit,ACC837,Salary,Income,Success
TXN0920,2024-03-27,73126,Credit,ACC266,Swiggy,Shopping,Success
TXN0921,2024-02-22,39938,Debit,ACC143,Apple,Travel,Failed
TXN0922,2024-03-31,50242,Credit,ACC126,Nike,Travel,Success
TXN0923,2024-02-08,98352,Debit,ACC472,Apple,Electronics,Success
TXN0924,2024-01-12,49368,Credit,ACC762,Flipkart,Travel,Success
TXN0925,2024-01-07,58936,Debit,ACC403,Apple,Food,Success
TXN0926,2024-03-17,39882,Credit,ACC135,Flipkart,Shopping,Success
TXN0927,2024-03-09,77023,Debit,ACC732,Walmart,Income,Success
TXN0928,2024-01-02,68469,Debit,ACC958,Flipkart,Electronics,Success
TXN0929,2024-02-10,82220,Debit,ACC142,Bonus,Food,Success
TXN0930,2024-03-19,71582,Credit,ACC133,Amazon,Income,Success
TXN0931,2024-03-04,3506,Credit,ACC929,Swiggy,Travel,Success
TXN0932,2024-01-23,94192,Credit,ACC373,Nike,Shopping,Failed
TXN0933,2024-01-16,97878,Debit,ACC481,Bonus,Shopping,Success
TXN0934,2024-03-06,51046,Debit,ACC839,Apple,Income,Failed
TXN0935,2024-01-01,58394,Debit,ACC133,Nike,Income,Success
TXN0936,2024-02-01,40724,Credit,ACC994,Zara,Electronics,Failed
TXN0937,2024-03-20,16883,Credit,ACC917,Walmart,Electronics,Failed
TXN0938,2024-01-08,66900,Debit,ACC783,Zara,Electronics,Success
TXN0939,2024-03-12,4678,Debit,ACC511,Flipkart,Income,Failed
TXN0940,2024-02-25,71954,Credit,ACC551,Nike,Income,Success
TXN0941,2024-03-28,82379,Debit,ACC207,Flipkart,Travel,Success
TXN0942,2024-03-23,51924,Credit,ACC885,Walmart,Income,Failed
TXN0943,2024-03-11,62149,Credit,ACC425,Swiggy,Income,Failed
TXN0944,2024-02-06,58167,Debit,ACC805,Salary,Travel,Success
TXN0945,2024-02-21,71019,Credit,ACC499,Zara,Electronics,Failed
TXN0946,2024-03-01,23269,Debit,ACC852,Walmart,Income,Success
TXN0947,2024-02-29,67901,Credit,ACC833,Walmart,Travel,Success
TXN0948,2024-03-24,66937,Credit,ACC326,Bonus,Income,Success
TXN0949,2024-02-15,69798,Debit,ACC589,Uber,Income,Success
TXN0950,2024-02-08,73925,Credit,ACC231,Nike,Income,Failed
TXN0951,2024-02-19,83259,Debit,ACC756,Nike,Income,Success
TXN0952,2024-02-02,4025,Debit,ACC422,Flipkart,Travel,Success
TXN0953,2024-01-18,16520,Credit,ACC113,Salary,Income,Failed
TXN0954,2024-02-09,2074,Debit,ACC971,Zara,Shopping,Failed
TXN0955,2024-02-01,10802,Credit,ACC128,Amazon,Income,Success
TXN0956,2024-03-28,38856,Debit,ACC356,Nike,Shopping,Success
TXN0957,2024-01-28,72751,Debit,ACC621,Bonus,Shopping,Success
TXN0958,2024-02-04,7126,Debit,ACC474,Flipkart,Electronics,Success
TXN0959,2024-01-24,95559,Debit,ACC841,Zara,Income,Success
TXN0960,2024-01-27,2149,Debit,ACC836,Nike,Shopping,Success
TXN0961,2024-01-29,23815,Credit,ACC672,Uber,Food,Success
TXN0962,2024-03-06,12563,Debit,ACC179,Bonus,Travel,Success
TXN0963,2024-01-09,2847,Credit,ACC493,Amazon,Income,Success
TXN0964,2024-03-22,20949,Debit,ACC752,Apple,Electronics,Success
TXN0965,2024-02-13,84019,Credit,ACC122,Nike,Shopping,Success
TXN0966,2024-02-22,27932,Credit,ACC576,Amazon,Food,Failed
TXN0967,2024-02-21,44140,Debit,ACC499,Salary,Electronics,Success
TXN0968,2024-01-04,26925,Debit,ACC156,Salary,Income,Success
TXN0969,2024-03-13,88470,Debit,ACC432,Flipkart,Food,Failed
TXN0970,2024-01-27,21878,Credit,ACC359,Flipkart,Travel,Success
TXN0971,2024-02-18,83579,Credit,ACC980,Nike,Shopping,Success
TXN0972,2024-02-25,59822,Credit,ACC529,Flipkart,Shopping,Success
TXN0973,2024-01-03,73169,Credit,ACC706,Flipkart,Income,Success
TXN0974,2024-01-06,37355,Debit,ACC327,Uber,Income,Success
TXN0975,2024-03-27,56561,Credit,ACC275,Swiggy,Food,Success
TXN0976,2024-02-19,63400,Debit,ACC740,Flipkart,Travel,Success
TXN0977,2024-02-15,53942,Debit,ACC642,Apple,Income,Success
TXN0978,2024-03-12,85967,Debit,ACC803,Walmart,Electronics,Success
TXN0979,2024-02-29,54158,Credit,ACC271,Nike,Travel,Success
TXN0980,2024-03-26,99652,Debit,ACC623,Walmart,Travel,Success
TXN0981,2024-03-12,86381,Credit,ACC379,Nike,Electronics,Failed
TXN0982,2024-01-31,32939,Debit,ACC294,Nike,Travel,Success
TXN0983,2024-02-11,48640,Debit,ACC981,Swiggy,Income,Success
TXN0984,2024-01-24,66955,Debit,ACC414,Bonus,Electronics,Failed
TXN0985,2024-02-12,64003,Credit,ACC572,Walmart,Electronics,Success
TXN0986,2024-01-02,87462,Credit,ACC136,Bonus,Shopping,Success
TXN0987,2024-03-24,62767,Credit,ACC469,Salary,Electronics,Failed
TXN0988,2024-03-19,77369,Credit,ACC360,Uber,Travel,Success
TXN0989,2024-02-24,30134,Credit,ACC495,Flipkart,Food,Success
TXN0990,2024-01-13,47385,Debit,ACC242,Apple,Electronics,Failed
TXN0991,2024-03-08,13189,Debit,ACC564,Zara,Shopping,Success
TXN0992,2024-01-03,79191,Credit,ACC936,Uber,Shopping,Success
TXN0993,2024-02-01,99668,Credit,ACC100,Bonus,Food,Success
TXN0994,2024-02-19,16722,Credit,ACC709,Walmart,Travel,Success
TXN0995,2024-03-19,80240,Debit,ACC780,Walmart,Food,Success
TXN0996,2024-03-06,64793,Debit,ACC511,Bonus,Electronics,Failed
TXN0997,2024-03-21,15321,Credit,ACC517,Apple,Food,Success
TXN0998,2024-01-27,6555,Debit,ACC183,Salary,Shopping,Success
TXN0999,2024-01-09,59357,Debit,ACC380,Zara,Electronics,Success
TXN1000,2024-01-25,38080,Debit,ACC834,Apple,Food,Success
